Description,Quantity_Sold,Revenue,Average_Unit_Price,Orders
DOTCOM POSTAGE,706,206248.77,292.13706798866855,706
REGENCY CAKESTAND 3 TIER,13851,174156.54,13.983936223218734,1988
"PAPER CRAFT , LITTLE BIRDIE",80995,168469.6,2.08,1
WHITE HANGING HEART T-LIGHT HOLDER,37872,106236.72,3.2183340545218524,2256
PARTY BUNTING,18283,99445.23,5.797928193054738,1685
JUMBO BAG RED RETROSPOT,48371,94159.81,2.4861972498814606,2089
MEDIUM CERAMIC TOP STORAGE JAR,78033,81700.92000000001,1.46848,247
POSTAGE,3150,78101.88,31.076580817051514,1126
Manual,6985,77752.82,233.7579810725552,290
RABBIT NIGHT LIGHT,30739,66870.03,2.386401179941003,994
PAPER CHAIN KIT 50'S CHRISTMAS ,19329,64875.590000000004,3.362331081081081,1160
ASSORTED COLOUR BIRD ORNAMENT,36362,58927.62,1.7225745257452574,1455
CHILLI LIGHTS,10302,54096.36,6.7953973013493245,661
SPOTTY BUNTING,8320,42513.48,5.52396013864818,1140
JUMBO BAG PINK POLKADOT,21448,42401.01,2.598733766233766,1218
BLACK RECORD COVER FRAME,11651,40633.38,4.215585106382979,375
PICNIC BASKET WICKER 60 PIECES,61,39619.5,649.5,2
DOORMAT KEEP CALM AND COME IN,5487,38133.64,8.776284153005465,728
SET OF 3 CAKE TINS PANTRY DESIGN ,7483,38108.89,5.83371408045977,1385
JAM MAKING SET WITH JARS,8695,37082.13,5.077669902912621,1132
WOOD BLACK BOARD ANT WHITE FINISH,6012,35966.92,8.440540145985402,685
LUNCH BAG RED RETROSPOT,19232,35572.36,2.131853257432005,1564
POPCORN HOLDER,36749,34288.67,1.0208363636363635,803
VICTORIAN GLASS HANGING T-LIGHT,24275,33146.82,1.6440249759846302,1037
HOT WATER BOTTLE TEA AND SYMPATHY,5740,32973.44,5.024473684210526,643
PAPER CHAIN KIT VINTAGE CHRISTMAS,10594,32843.840000000004,3.3676774969915764,820
CHOCOLATE HOT WATER BOTTLE,6017,32826.58,6.075206422018349,858
JUMBO BAG STRAWBERRY,17283,32727.65,2.4144552058111377,822
HEART OF WICKER SMALL,17963,32094.6,1.959712879409352,1201
SET OF 3 REGENCY CAKE TINS,6345,31118.550000000003,5.883424657534246,873
JUMBO STORAGE BAG SUKI,13651,30764.01,2.746616415410385,1184
ALARM CLOCK BAKELIKE RED ,7800,30644.87,4.396880301602262,1051
JUMBO BAG APPLES,14908,30450.690000000002,2.5699290060851925,978
HEART OF WICKER LARGE,9887,30098.11,3.2850427350427354,925
CHARLOTTE BAG SUKI DESIGN,18124,29254.149999999998,1.2166067415730337,882
ROSES REGENCY TEACUP AND SAUCER ,9864,29056.920000000002,3.661425908667288,1065
HOT WATER BOTTLE KEEP CALM,5816,28718.800000000003,5.271557788944723,782
JUMBO SHOPPER VINTAGE RED PAISLEY,12574,28577.1,2.689254237288136,1175
DOORMAT RED RETROSPOT,4088,28049.54,8.953529411764706,696
JUMBO  BAG BAROQUE BLACK WHITE,13900,28047.74,2.605185577942736,933
NATURAL SLATE HEART CHALKBOARD ,9119,27991.61,3.59003187250996,1249
JUMBO BAG ALPHABET,13366,27850.83,2.3900109769484086,906
ALARM CLOCK BAKELIKE GREEN,6419,27155.28,4.54201213346815,980
ROTATING SILVER ANGELS T-LIGHT HLDR,9461,26425.579999999998,3.415258620689655,449
RED  HARMONICA IN BOX ,21903,26294.08,1.4255722891566265,661
RECIPE BOX PANTRY YELLOW DESIGN,8269,26219.95,3.7048793565683646,1111
GIN + TONIC DIET METAL SIGN,11709,25792.47,2.7445669291338586,759
SPACEBOY LUNCH BOX ,14249,25719.02,2.193337016574586,900
JAM MAKING SET PRINTED,16396,25637.78,1.9049140893470793,1162
DOORMAT UNION FLAG,3751,25534.15,8.891294498381876,616
PLEASE ONE PERSON METAL SIGN,12274,25225.480000000003,2.426067677946324,845
REGENCY TEAPOT ROSES ,2766,24879.13,11.119714964370546,416
VINTAGE UNION JACK BUNTING,2787,24525.83,9.4460206185567,475
JUMBO BAG VINTAGE DOILY ,11448,24489.08,2.300598885793872,711
SCOTTIE DOG HOT WATER BOTTLE,4655,24455.39,5.805300896286813,771
SET OF 6 SPICE TINS PANTRY DESIGN,5966,24436.260000000002,4.676517119244393,834
ROUND SNACK BOXES SET OF4 WOODLAND ,8535,24364.870000000003,3.4687721691678037,732
BAKING SET 9 PIECE RETROSPOT ,4937,24185.27,5.353144989339019,934
DOORMAT NEW ENGLAND,3807,24108.39,8.464717607973423,600
RED TOADSTOOL LED NIGHT LIGHT,14001,23919.78,2.3904327485380117,849
DOORMAT FAIRY CAKE,3615,23872.91,10.12136612021858,365
JUMBO BAG 50'S CHRISTMAS ,10285,23772.07,2.4177423822714683,716
EDWARDIAN PARASOL NATURAL,4077,23737.97,7.8068265682656826,540
SET OF TEA COFFEE SUGAR TINS PANTRY,4800,23489.420000000002,5.866072186836518,470
CREAM HEART CARD HOLDER,8284,23435.82,4.4527186311787075,524
RED HANGING HEART T-LIGHT HOLDER,7872,23199.24,3.160996015936255,741
JUMBO BAG PINK VINTAGE PAISLEY,11006,23179.06,2.678348623853211,865
WOODEN PICTURE FRAME WHITE FINISH,8986,23057.06,3.1030650994575044,1100
JUMBO BAG OWLS,11429,23001.06,2.7772809667673717,657
VINTAGE UNION JACK MEMOBOARD,3269,22980.239999999998,10.374389140271493,221
RETROSPOT TEA SET CERAMIC 11 PC ,4518,22868.260000000002,5.730788381742739,962
PAPER BUNTING RETROSPOT,7562,22785.06,3.7798004987531173,798
GREEN REGENCY TEACUP AND SAUCER,7278,22755.5,3.835362035225049,1013
CREAM SWEETHEART MINI CHEST,1784,22594.2,14.308129770992366,519
LUNCH BAG  BLACK SKULL.,12195,22346.96,2.1077863182167564,1273
DOORMAT HEARTS,3416,22114.42,9.247993254637437,592
JUMBO BAG WOODLAND ANIMALS,9773,22092.42,2.9266168009205984,863
RED WOOLLY HOTTIE WHITE HEART.,4734,22025.73,5.128721461187215,429
WOODEN FRAME ANTIQUE WHITE ,6999,21811.09,3.577085889570552,971
JUMBO BAG VINTAGE LEAF,10941,21810.43,2.2962302483069976,879
RED RETROSPOT CHARLOTTE BAG,17761,21773.39,1.1461973180076628,1032
LUNCH BAG CARS BLUE,11786,21699.48,2.063580034423408,1150
DOLLY GIRL LUNCH BOX,11780,21609.789999999997,2.3315268065268064,850
DOORMAT FANCY FONT HOME SWEET HOME,3245,21593.74,9.514820717131473,502
RED RETROSPOT CAKE STAND,2012,21354.3,12.607560073937153,539
PACK OF 72 RETROSPOT CAKE CASES,36396,21246.45,0.7612056213017753,1320
COOK WITH WINE METAL SIGN ,10324,20874.440000000002,2.3886126373626375,723
LUNCH BAG APPLE DESIGN,12147,20852.579999999998,2.0589553656220323,1036
LUNCH BOX I LOVE LONDON,11504,20781.649999999998,2.3154016620498616,707
ALARM CLOCK BAKELIKE PINK,5356,20672.15,4.579835651074589,783
WHITE SKULL HOT WATER BOTTLE ,3915,20582.2,4.986313725490196,499
ANTIQUE SILVER T-LIGHT GLASS,14664,19381.62,1.5028468208092487,689
PICNIC BASKET WICKER LARGE,1602,19302.26,14.401595505617978,445
ROUND SNACK BOXES SET OF 4 FRUITS ,6835,19094.97,3.275880341880342,581
GUMBALL COAT RACK,7926,18798.670000000002,2.8794049346879533,681
HOMEMADE JAM SCENTED CANDLES,12520,18771.149999999998,1.7925077399380807,646
LUNCH BAG SUKI DESIGN ,10301,18699.43,2.1189745916515426,1084
ASSORTED COLOURS SILK FAN,23826,18569.84,1.0677649325626204,518
LUNCH BAG WOODLAND,9909,18283.78,2.1818446601941743,1017
FAIRY CAKE FLANNEL ASSORTED COLOUR,10241,18056.280000000002,2.3184790874524714,262
LUNCH BAG SPACEBOY DESIGN ,10427,18031.31,2.0130927835051544,1157
GROW A FLYTRAP OR SUNFLOWER IN TIN,16244,17927.45,1.4859344262295082,305
HOT WATER BOTTLE I AM SO POORLY,3441,17892.96,5.887280966767372,657
HAND WARMER OWL DESIGN,8439,17786.13,2.359009009009009,654
RETROSPOT HEART HOT WATER BOTTLE,3524,17663.98,5.63684375,623
SET/5 RED RETROSPOT LID GLASS BOWLS,6073,17623.350000000002,3.2893721973094174,879
PINK REGENCY TEACUP AND SAUCER,5788,17445.56,3.708229166666667,765
LUNCH BAG PINK POLKADOT,10487,17388.99,2.031925522252498,1090
JUMBO BAG DOILEY PATTERNS,8893,17268.69,2.2405222437137335,514
JUMBO BAG SCANDINAVIAN BLUE PAISLEY,8411,17239.69,2.683268072289157,662
6 RIBBONS RUSTIC CHARM,9172,17186.62,2.211237113402062,955
JUMBO BAG SPACEBOY DESIGN,8666,17071.59,2.6552167630057806,686
COLOUR GLASS. STAR T-LIGHT HOLDER,5736,17069.7,3.93203007518797,264
SMALL POPCORN HOLDER,20149,17045.8,1.0751602023608768,589
HOT BATHS METAL SIGN,7258,16946.260000000002,2.955829307568438,609
MINI PAINT SET VINTAGE ,26633,16937.82,0.7850263157894737,380
HOME BUILDING BLOCK WORD,2759,16923.47,6.629308578745198,777
EDWARDIAN PARASOL BLACK,2931,16915.72,7.411148825065275,383
CHILDRENS CUTLERY POLKADOT PINK,3951,16865.97,5.1186915887850475,423
WOODLAND CHARLOTTE BAG,13290,16744.45,1.2108571428571429,833
SET OF 4 PANTRY JELLY MOULDS,12649,16478.48,1.497788990825688,1073
HANGING HEART JAR T-LIGHT HOLDER,12493,16453.78,1.4836289222373806,728
IVORY KITCHEN SCALES,1883,16378.710000000001,9.46253164556962,711
SET/4 WHITE RETRO STORAGE CUBES ,415,16363.300000000001,45.23225806451613,155
GARDENERS KNEELING PAD KEEP CALM ,8807,16327.349999999999,1.9439673913043478,913
KNITTED UNION FLAG HOT WATER BOTTLE,3319,16148.04,5.203712446351931,459
HAND OVER THE CHOCOLATE   SIGN ,8246,15928.730000000001,2.3584683357879235,677
VINTAGE CHRISTMAS BUNTING,2990,15798.66,5.548627450980392,401
RECYCLING BAG RETROSPOT ,6896,15607.59,3.1890400000000003,748
WOOD 2 DRAWER CABINET WHITE FINISH,2386,15123.92,6.952326007326008,543
PAPER CHAIN KIT EMPIRE,5181,15099.37,3.2728442437923255,436
SET 7 BABUSHKA NESTING BOXES,1787,14427.970000000001,9.79502617801047,380
HAND WARMER SCOTTY DOG DESIGN,6611,14366.52,2.3365124555160146,548
BREAD BIN DINER STYLE IVORY,901,14329.539999999999,17.415146666666665,375
DOORMAT ENGLISH ROSE ,2035,14300.15,8.640073710073711,407
MEMO BOARD RETROSPOT  DESIGN,2960,14193.35,6.295599128540305,459
JUMBO BAG PEARS,7067,14188.960000000001,2.4302508361204014,595
STRAWBERRY CERAMIC TRINKET BOX,10473,14117.58,1.6572816901408451,706
RED KITCHEN SCALES,1620,14082.2,9.793315018315017,546
HAND WARMER BIRD DESIGN,6433,14061.890000000001,2.401336898395722,554
PAPER CHAIN KIT RETROSPOT,4616,14051.640000000001,3.7658756137479545,610
JUMBO STORAGE BAG SKULLS,6438,14006.2,2.7869887955182073,705
JUMBO BAG VINTAGE CHRISTMAS ,6078,13972.710000000001,2.417366255144033,476
BOX OF VINTAGE ALPHABET BLOCKS,1342,13931.31,12.382434456928838,267
PINK BLUE FELT CRAFT TRINKET BOX,10993,13828.1,1.4207224334600759,522
WORLD WAR 2 GLIDERS ASSTD DESIGNS,54951,13814.009999999998,0.3207276119402985,535
CHRISTMAS LIGHTS 10 REINDEER,1670,13795.92,9.962893890675241,311
AMAZON FEE,2,13761.09,6880.545,2
DOUGHNUT LIP GLOSS ,10395,13695.77,1.345436046511628,344
3 HOOK PHOTO SHELF ANTIQUE WHITE,1794,13611.81,10.020785340314136,382
PLASTERS IN TIN SPACEBOY,8074,13602.109999999999,1.864023494860499,673
DOORMAT SPOTTY HOME SWEET HOME,1752,13572.06,9.204553014553015,480
LOVE HOT WATER BOTTLE,2359,13334.320000000002,6.205617283950618,476
PLASTERS IN TIN WOODLAND ANIMALS,7803,13328.269999999999,1.9113445378151261,704
CLOTHES PEGS RETROSPOT PACK 24 ,8676,13325.869999999999,1.8339870967741934,772
LUNCH BAG ALPHABET DESIGN,7830,13325.55,1.9909656084656082,740
SET OF 10 LED DOLLY LIGHTS,2219,13290.519999999999,6.469919571045577,372
SET 6 SCHOOL MILK BOTTLES IN CRATE,2841,13269.49,4.845672371638142,405
TEA TIME PARTY BUNTING,2578,12926.42,6.160726495726495,467
WOODEN UNION JACK BUNTING,2091,12792.25,6.789317073170731,407
GREY HEART HOT WATER BOTTLE,3220,12763.08,4.404398625429553,561
ENAMEL FLOWER JUG CREAM,2106,12647.26,6.567013752455796,506
RED RETROSPOT MINI CASES,1747,12634.98,8.121839378238343,385
CHILDRENS CUTLERY RETROSPOT RED ,2907,12604.23,5.2348916408668735,317
ASSORTED COLOUR MINI CASES,1762,12550.57,8.065298701298701,383
STRAWBERRY CHARLOTTE BAG,9793,12548.15,1.2022176308539945,722
WOODEN ROUNDERS GARDEN SET ,1327,12531.57,10.739052924791086,358
VINTAGE SNAP CARDS,14521,12510.009999999998,1.0157754010695188,926
BLACK HEART CARD HOLDER,4870,12483.220000000001,4.3502645502645505,189
LOVE BUILDING BLOCK WORD,2011,12435.86,6.695205047318613,629
FELTCRAFT CUSHION OWL,3373,12413.89,4.162959830866807,470
CHILDRENS CUTLERY POLKADOT BLUE,2847,12366.97,5.268088737201365,289
ENAMEL BREAD BIN CREAM,873,12358.33,15.894339207048457,454
FELTCRAFT 6 FLOWER FRIENDS,6070,12357.08,2.455298372513562,547
REGENCY SUGAR BOWL GREEN,3055,12342.43,4.795123456790124,322
PACK OF 60 PINK PAISLEY CAKE CASES,24820,12226.32,0.7446931818181819,869
PINK HAPPY BIRTHDAY BUNTING,2335,12179.6,5.9335980148883385,402
DOORMAT WELCOME PUPPIES,2064,12107.02,8.819268292682928,287
FELTCRAFT DOLL MOLLY,4509,12001.59,3.2667267267267266,331
IVORY DINER WALL CLOCK,1445,11911.65,8.85322966507177,415
SET/3 RED GINGHAM ROSE STORAGE BOX,3034,11905.95,4.931106471816284,477
WOOD S/3 CABINET ANT WHITE FINISH,1402,11885.98,9.038246913580247,403
PAPER BUNTING WHITE LACE,4082,11872.58,3.396042296072508,326
RED DINER WALL CLOCK,1400,11857.07,9.24141304347826,460
3 HEARTS HANGING DECORATION RUSTIC,3413,11797.380000000001,3.352964169381108,303
PICNIC BASKET WICKER SMALL,1876,11789.27,7.54717672413793,461
GARDENERS KNEELING PAD CUP OF TEA ,6809,11785.99,1.9087597911227152,758
RED RETROSPOT PICNIC BAG,3985,11665.19,3.7098496240601504,531
JUMBO BAG PAISLEY PARK,5020,11581.83,2.256289855072464,338
DOORMAT WELCOME TO OUR HOME,1522,11539.06,9.598148984198644,443
RED RETROSPOT ROUND CAKE TINS,1088,11522.439999999999,12.575697674418604,344
ALARM CLOCK BAKELIKE IVORY,2885,11453.4,4.418076923076923,570
FAWN BLUE HOT WATER BOTTLE,3307,11443.87,4.10572,490
CHARLOTTE BAG PINK POLKADOT,9716,11417.74,1.252092715231788,742
"SET 3 RETROSPOT TEA,COFFEE,SUGAR",2128,11382.81,7.409124423963133,430
"RECORD FRAME 7"" SINGLE SIZE ",4374,11354.56,3.676493150684932,361
SET/20 RED RETROSPOT PAPER NAPKINS ,13202,11312.56,1.0935721393034825,986
CLASSIC METAL BIRDCAGE PLANT HOLDER,975,11300.02,13.383676975945017,290
WOODEN CROQUET GARDEN SET,782,11276.21,16.2249,299
RED RETROSPOT UMBRELLA,1935,11265.26,7.178954423592494,373
FELTCRAFT CUSHION RABBIT,3086,11204.97,4.297686375321336,386
REGENCY TEA PLATE ROSES ,6857,11097.249999999998,2.075707865168539,445
METAL SIGN TAKE IT OR LEAVE IT ,3774,11095.94,3.3484375,412
Adjust bad debt,1,11062.06,11062.06,1
LUNCH BAG DOLLY GIRL DESIGN,6706,11060.88,1.9342608695652173,682
JUMBO BAG TOYS ,5007,11014.62,3.1267175572519084,522
15CM CHRISTMAS GLASS BALL 20 LIGHTS,1359,10910.61,9.306958174904944,261
SOLDIERS EGG CUP ,9073,10858.31,1.4978199052132701,418
LUNCH BAG VINTAGE DOILY ,6548,10797.0,1.8969934640522876,601
BAKING SET SPACEBOY DESIGN,2209,10745.050000000001,5.468758029978586,464
BREAD BIN DINER STYLE RED ,665,10676.619999999999,17.699460431654675,278
SET OF 6 RIBBONS VINTAGE CHRISTMAS,3261,10610.04,3.5106250000000006,422
TRADITIONAL WOODEN SKIPPING ROPE,8130,10504.85,1.592523148148148,425
VINTAGE HEADS AND TAILS CARD GAME ,7864,10504.4,1.5057937806873976,607
LUNCH BAG DOILEY PATTERN ,6551,10502.19,1.7325754527162975,492
BLUE HAPPY BIRTHDAY BUNTING,1990,10491.75,5.864717948717949,390
COLOUR GLASS T-LIGHT HOLDER HANGING,16401,10487.050000000001,0.7275401929260451,621
LUNCH BAG VINTAGE LEAF DESIGN,6308,10441.91,1.9362038404726736,668
REVOLVER WOODEN RULER ,5233,10373.99,2.2714044943820224,348
FAMILY ALBUM WHITE PICTURE FRAME,1197,10345.76,10.152849462365591,372
BLUE HARMONICA IN BOX ,7876,10339.81,1.4315409836065573,603
DOORMAT BLACK FLOCK ,1814,10253.61,8.510205128205127,195
ANTIQUE SILVER TEA GLASS ENGRAVED,8652,10229.77,1.471534090909091,347
VINTAGE DOILY JUMBO BAG RED ,4802,10206.41,2.2147709923664123,259
NO SINGING METAL SIGN,4788,10193.76,2.53742,496
LONDON BUS COFFEE MUG,4334,10140.6,2.730219435736677,317
RED SPOTTY BISCUIT TIN,2433,10116.49,5.90964824120603,394
FELTCRAFT CUSHION BUTTERFLY,2759,10110.83,4.278142857142857,348
PLASTERS IN TIN CIRCUS PARADE ,6113,10061.859999999999,1.7862045060658576,571
TRADITIONAL KNITTING NANCY,6148,10053.65,1.8817932148626817,609
REGENCY TEA PLATE GREEN ,6247,10051.99,2.128433420365535,381
HAND WARMER UNION JACK,4851,10023.720000000001,2.1974036511156188,479
EDWARDIAN PARASOL RED,1710,10021.42,7.003669724770643,326
DOORMAT HOME SWEET HOME BLUE ,1619,9943.7,8.34332167832168,285
ICE CREAM SUNDAE LIP GLOSS,8076,9935.76,1.35028880866426,277
SET OF 6 SOLDIER SKITTLES,2480,9895.04,4.664125560538116,443
DELUXE SEWING KIT ,1411,9893.0,7.752151515151516,328
T-LIGHT GLASS FLUTED ANTIQUE,7955,9873.880000000001,1.5130057803468209,345
PLASTERS IN TIN STRONGMAN,6010,9841.829999999998,1.8509351145038169,515
SMALL GLASS HEART TRINKET POT,4246,9798.980000000001,2.8415313653136534,541
3 TIER CAKE TIN RED AND CREAM,689,9765.11,17.272142857142857,168
PHOTO FRAME CORNICE,3267,9755.09,3.213877952755906,504
WOODEN SCHOOL COLOURING SET,5883,9741.57,1.777737556561086,433
STRAWBERRY LUNCH BOX WITH CUTLERY,3933,9735.38,3.130447504302926,573
SET OF 4 KNICK KNACK TINS DOILY ,2352,9726.480000000001,4.541388888888889,353
SWEETHEART CAKESTAND 3 TIER,958,9687.3,11.18424403183024,377
CHRISTMAS CRAFT LITTLE FRIENDS,4073,9662.28,2.5802712477396024,544
VINTAGE CREAM DOG FOOD CONTAINER,1003,9661.32,10.829090909090908,416
REGENCY MILK JUG PINK ,3160,9587.15,3.8787915407854987,329
TRADITIONAL MODELLING CLAY,8144,9572.32,1.4223907455012852,389
PANTRY ROLLING PIN,2464,9564.98,4.3442436974789915,238
NATURAL SLATE CHALKBOARD LARGE ,1727,9534.67,6.674088050314466,476
ZINC FOLKART SLEIGH BELLS,5050,9512.73,2.4164301075268813,456
60 CAKE CASES VINTAGE CHRISTMAS,16032,9498.87,0.7650158227848102,618
POTTERING IN THE SHED METAL SIGN,4175,9405.76,2.6952573529411765,538
LADIES & GENTLEMEN METAL SIGN,4037,9383.43,3.0745511482254697,478
SET OF 20 KIDS COOKIE CUTTERS,4311,9383.150000000001,2.518560460652591,517
RED RETROSPOT PEG BAG,3155,9296.3,3.131690427698574,485
BOX OF 6 MINI 50'S CRACKERS,3720,9219.53,2.651167883211679,403
FELTCRAFT PRINCESS CHARLOTTE DOLL,2362,9216.16,4.118048245614035,449
GINGERBREAD MAN COOKIE CUTTER,7440,9202.15,1.4521260997067449,670
60 TEATIME FAIRY CAKE CASES,18189,9169.970000000001,0.689585308056872,828
BOX OF 6 MINI VINTAGE CRACKERS,3809,9162.41,2.7416492146596863,376
PINK CREAM FELT CRAFT TRINKET BOX ,7337,9128.06,1.4245659163987139,616
RED METAL BOX TOP SECRET,1074,9117.62,9.339272030651342,257
DOORMAT MULTICOLOUR STRIPE,1491,9080.68,9.6681592039801,201
ALARM CLOCK BAKELIKE ORANGE,2323,9068.95,4.514446902654867,445
SET OF 3 NOTEBOOKS IN PARCEL,5435,9027.439999999999,2.050720930232558,422
SET 2 PANTRY DESIGN TEA TOWELS,2811,8999.27,3.6862698412698416,372
CLEAR DRAWER KNOB ACRYLIC EDWARDIAN,6539,8930.44,1.5675615212527965,441
LARGE WHITE HEART OF WICKER,3069,8878.210000000001,3.1351398601398603,562
AREA PATROLLED METAL SIGN,4365,8858.79,2.3959453302961276,437
HAND WARMER RED LOVE HEART,3986,8855.51,2.2266262135922332,397
WOODEN BOX OF DOMINOES,6390,8847.29,1.5789816360601001,587
HAND WARMER RED RETROSPOT,4348,8757.830000000002,2.2287401574803147,374
MULTI COLOUR SILVER T-LIGHT HOLDER,10545,8744.43,0.9520170454545455,347
WOODEN ADVENT CALENDAR RED,746,8714.24,13.112481751824818,137
FELTCRAFT BUTTERFLY HEARTS,6226,8621.14,1.6384444444444444,481
TRAVEL SEWING KIT,5091,8612.07,1.9708723404255317,467
SWEETHEART RECIPE BOOK STAND,1211,8571.25,8.111132075471698,368
HANGING JAM JAR T-LIGHT HOLDER,10792,8560.84,0.9102578796561605,348
SET 6 PAPER TABLE LANTERN HEARTS ,2328,8558.76,4.093564356435643,297
ICE CREAM PEN LIP GLOSS ,6831,8553.34,1.4267315175097277,257
SET/2 RED RETROSPOT TEA TOWELS ,2599,8536.85,4.550554156171285,394
SET OF 3 HEART COOKIE CUTTERS,6332,8518.4,1.6291907514450867,685
CHILDRENS CUTLERY SPACEBOY ,2077,8517.67,4.469945054945056,360
VINTAGE DOILY TRAVEL SEWING KIT,3964,8497.98,2.156320754716981,415
CHICK GREY HOT WATER BOTTLE,1871,8495.42,5.187780487804877,402
SMALL WHITE HEART OF WICKER,4716,8438.539999999999,1.7480124223602485,629
PACK OF 72 SKULL CAKE CASES,15169,8414.59,0.797123695976155,663
SET OF 72 RETROSPOT PAPER  DOILIES,5808,8368.39,1.7856512141280352,453
FAMILY PHOTO FRAME CORNICE,867,8258.59,10.96038314176245,260
GRAND CHOCOLATECANDLE,5958,8196.0,1.5990443686006826,292
BLUE DINER WALL CLOCK,954,8189.29,9.043780821917808,365
ALARM CLOCK BAKELIKE CHOCOLATE,1980,8153.6,4.783640552995392,428
SET OF 3 BUTTERFLY COOKIE CUTTERS,5799,8153.56,1.7178818443804036,688
HANGING HEART ZINC T-LIGHT HOLDER,9117,8146.799999999999,1.244759535655058,603
VINTAGE RED KITCHEN CABINET,60,8125.0,143.42105263157896,38
 SET 2 TEA TOWELS I LOVE LONDON ,2783,8082.05,3.557846715328467,269
RECIPE BOX RETROSPOT ,2882,8045.1,3.0373885350318472,464
SET OF 20 VINTAGE CHRISTMAS NAPKINS,8976,8041.179999999999,0.9908974358974358,610
WHITE METAL LANTERN,1875,8037.7699999999995,4.669299363057325,307
SET/10 RED POLKADOT PARTY CANDLES,6606,7998.85,1.3711488250652741,379
PACK OF 12 LONDON TISSUES ,26119,7975.98,0.44826003824091776,512
OPEN CLOSED METAL SIGN,1638,7923.93,5.524447300771209,388
WHITE WOOD GARDEN PLANT LADDER,784,7909.28,10.87100233100233,429
FELTCRAFT CHRISTMAS FAIRY,1915,7890.25,4.549082568807339,321
LUNCH BOX WITH CUTLERY RETROSPOT ,3088,7860.969999999999,3.321921487603306,482
ROSE COTTAGE KEEPSAKE BOX ,794,7851.98,11.976137566137565,189
PAINTED METAL PEARS ASSORTED,4687,7793.139999999999,1.8063031914893617,370
SET OF 4 KNICK KNACK TINS LONDON ,1849,7771.610000000001,4.752158273381295,274
METAL 4 HOOK HANGER FRENCH CHATEAU,2444,7767.8,3.8380321285140564,493
PLASTERS IN TIN VINTAGE PAISLEY ,4712,7762.239999999999,1.900190972222222,566
CHOCOLATE THIS WAY METAL SIGN,3771,7752.22,2.534714587737844,468
CHARLOTTE BAG APPLES DESIGN,7976,7741.94,1.1219453924914675,583
 SPACEBOY BABY GIFT SET,498,7741.749999999999,15.913423913043477,184
DOORMAT 3 SMILEY CATS,1172,7708.48,9.613290598290599,233
CHILDRENS CUTLERY POLKADOT GREEN ,1829,7701.71,5.505934959349593,246
VICTORIAN SEWING BOX LARGE,532,7674.799999999999,17.17723926380368,163
CREAM CUPID HEARTS COAT HANGER,2015,7653.17,4.311608391608392,284
SILVER HANGING T-LIGHT HOLDER,4789,7622.639999999999,1.8617465753424658,290
SWEETHEART CERAMIC TRINKET BOX,6054,7617.280000000001,1.5708023483365947,509
GIRAFFE WOODEN RULER,3887,7604.889999999999,2.273655913978495,274
DOORMAT UNION JACK GUNS AND ROSES,1228,7580.82,9.168653846153846,206
PACK OF 6 BIRDY GIFT TAGS,6221,7547.89,1.4756511056511057,395
MINT KITCHEN SCALES,852,7521.89,9.536190476190477,357
CHILDRENS APRON SPACEBOY DESIGN,3749,7508.58,2.4254611211573236,550
FELTCRAFT PRINCESS LOLA DOLL,2001,7491.83,4.061346153846154,413
RED STRIPE CERAMIC DRAWER KNOB,5494,7481.16,1.6713832199546486,437
TOY TIDY PINK POLKADOT,3439,7433.74,3.0202536997885834,469
ZINC METAL HEART DECORATION,5937,7418.07,1.3647155963302753,535
FUNKY DIVA PEN,8547,7363.86,1.107905982905983,233
BOX OF 6 CHRISTMAS CAKE DECORATIONS,1875,7356.18,4.660950226244344,220
YOU'RE CONFUSING ME METAL SIGN ,4413,7301.7699999999995,2.245964912280702,450
ENGLISH ROSE HOT WATER BOTTLE,1605,7292.45,5.359421052631578,375
SET 6 PAPER TABLE LANTERN STARS ,1932,7250.900000000001,4.236586345381526,246
SET OF 4 KNICK KNACK TINS DOILEY ,1819,7248.79,4.260486486486487,182
RED FLORAL FELTCRAFT SHOULDER BAG,1960,7229.43,4.268562091503268,305
CIRCUS PARADE LUNCH BOX ,3677,7199.57,2.614900497512438,396
SET OF 2 WOODEN MARKET CRATES,526,7190.349999999999,15.007980769230768,208
TRIPLE PHOTO FRAME CORNICE ,774,7173.549999999999,10.27288990825688,218
CHILDS BREAKFAST SET SPACEBOY ,763,7161.3,10.312946428571427,222
RAIN PONCHO RETROSPOT,8875,7161.1,1.0531854838709678,243
PLASTERS IN TIN SKULLS,4242,7132.119999999999,1.9751052631578947,560
PIGGY BANK RETROSPOT ,2760,7111.18,3.1144072948328265,329
HAND WARMER BABUSHKA DESIGN,4941,7105.33,2.229490616621984,368
BLUE STRIPE CERAMIC DRAWER KNOB,5252,7091.15,1.5951612903225805,425
MEMO BOARD COTTAGE DESIGN,1457,7084.42,5.665495207667732,311
VICTORIAN SEWING BOX SMALL ,1179,7077.200000000001,7.013789473684211,285
36 DOILIES VINTAGE CHRISTMAS,5171,7060.28,1.5787570621468927,177
GIANT 50'S CHRISTMAS CRACKER,2661,7053.57,2.805680473372781,333
JUMBO BAG DOLLY GIRL DESIGN,3419,7051.2,2.5757427937915747,450
CARRIAGE,142,7051.0,49.87943262411348,141
VINTAGE SNAKES & LADDERS,1786,7047.7,4.942045454545455,396
RETROSPOT PARTY BAG + STICKER SET,4492,7043.94,1.8778124999999999,317
JINGLE BELL HEART ANTIQUE SILVER,3564,7038.400000000001,2.2615962441314554,210
WOODEN ADVENT CALENDAR CREAM,453,7030.22,18.158260869565215,137
SET OF 12 FAIRY CAKE BAKING CASES,8471,6989.54,1.0651805054151624,552
3 TIER CAKE TIN GREEN AND CREAM,445,6981.67,18.59910891089109,201
PICTURE FRAME WOOD TRIPLE PORTRAIT,1068,6977.6,7.740037735849057,265
UNION STRIPE WITH FRINGE  HAMMOCK,898,6944.360000000001,9.187081339712918,208
BEWARE OF THE CAT METAL SIGN ,4154,6935.7,2.156901098901099,449
SET/6 RED SPOTTY PAPER PLATES,8758,6933.259999999999,0.9860338345864661,527
HOME SWEET HOME MUG,5411,6932.78,1.7194857142857145,349
FULL ENGLISH BREAKFAST PLATE,1640,6921.15,5.498528428093645,296
BLACK/BLUE POLKADOT UMBRELLA,1181,6904.040000000001,6.776917808219179,292
ROUND CAKE TIN VINTAGE RED,913,6903.79,8.366014760147602,271
VICTORIAN SEWING BOX MEDIUM,688,6901.42,11.262595419847328,261
AGED GLASS SILVER T-LIGHT HOLDER,10535,6859.27,0.8200289017341041,340
SET 2 TEA TOWELS I LOVE LONDON ,2124,6856.38,3.914609665427509,264
ADVENT CALENDAR GINGHAM SACK,1311,6848.1900000000005,5.728536585365854,246
SINGLE HEART ZINC T-LIGHT HOLDER,6265,6830.5,1.3822047244094489,507
LARGE CIRCULAR MIRROR MOBILE,7102,6812.98,1.6756937799043061,205
HEART FILIGREE DOVE  SMALL,5457,6805.08,1.453355048859935,299
SET 40 HEART SHAPE PETIT FOUR CASES,4303,6792.23,1.8389570552147239,161
4 TRADITIONAL SPINNING TOPS,4889,6782.21,1.6602857142857141,483
WHITE SPOT RED CERAMIC DRAWER KNOB,4992,6776.0,1.6896626506024097,409
WALL ART CLASSIC PUDDINGS ,864,6762.71,9.736866666666666,150
CHRISTMAS LIGHTS 10 VINTAGE BAUBLES,1355,6755.47,6.264258373205742,209
CHILDRENS CUTLERY DOLLY GIRL ,1667,6753.71,4.270341296928327,291
PINK FAIRY CAKE CHILDRENS APRON,3341,6724.69,2.47589898989899,495
DOLLY GIRL BABY GIFT SET,433,6719.61,16.12609022556391,133
MINI LIGHTS WOODLAND MUSHROOMS,1798,6719.14,4.428761467889909,215
BISCUIT TIN 50'S CHRISTMAS,2194,6681.25,3.2880906148867313,309
SAVE THE PLANET MUG,5453,6679.56,1.8128531855955676,357
PINK BABY BUNTING,2179,6677.969999999999,4.122405797101449,345
SET OF 72 PINK HEART PAPER DOILIES,4311,6671.25,2.1471037181996087,510
BINGO SET,1688,6659.54,4.72473544973545,378
RETROSPOT LARGE MILK JUG,1351,6651.72,5.303294117647059,339
RED RETROSPOT SHOPPER BAG,4769,6604.29,1.7783737024221455,575
VINTAGE DONKEY TAIL GAME ,1815,6550.17,4.252261904761904,252
72 SWEETHEART FAIRY CAKE CASES,13319,6532.780000000001,0.6851746031746032,615
DOORSTOP RETROSPOT HEART,1594,6525.88,4.5645945945945945,296
RED 3 PIECE RETROSPOT CUTLERY SET,1671,6494.66,4.498760330578513,120
SET/10 PINK POLKADOT PARTY CANDLES,5325,6488.54,1.373,344
VINTAGE CHRISTMAS STOCKING ,2390,6488.2,2.9656772334293944,344
CHRISTMAS CRAFT TREE TOP ANGEL,2791,6463.790000000001,2.6021551724137932,457
ANTIQUE SILVER TEA GLASS ETCHED,4545,6461.76,1.6190909090909091,216
JINGLE BELL HEART DECORATION,3820,6459.159999999999,1.8494550408719346,356
3 DRAWER ANTIQUE WHITE WOOD CABINET,734,6457.94,9.293529411764705,202
LANDMARK FRAME CAMDEN TOWN ,568,6444.65,13.30220588235294,68
CANDLEHOLDER PINK HANGING HEART,2251,6438.79,3.1557178217821784,398
LARGE ZINC HEART WALL ORGANISER,1065,6431.110000000001,7.9068421052631574,38
CHILDS BREAKFAST SET DOLLY GIRL ,681,6412.33,10.368102564102564,194
TRADITIONAL NAUGHTS & CROSSES,2841,6406.91,1.8921374045801527,257
PANTRY WASHING UP BRUSH,4090,6391.82,1.8184334203655352,381
RED RETROSPOT BOWL,5023,6374.81,1.631751662971175,448
SET OF 60 PANTRY DESIGN CAKE CASES ,12049,6371.89,0.6839469578783152,629
LANTERN CREAM GAZEBO ,1272,6360.99,5.675478547854786,299
REGENCY TEA PLATE PINK,3861,6344.409999999999,2.06783606557377,305
COFFEE MUG APPLES DESIGN,2816,6338.25,2.7623664122137406,261
SET OF 2 TEA TOWELS APPLE AND PEARS,2058,6334.3,3.6027972027972033,284
PLACE SETTING WHITE HEART,15126,6322.21,0.5779646017699115,332
RED RETROSPOT OVEN GLOVE ,4034,6320.51,1.946069868995633,451
WOODEN HAPPY BIRTHDAY GARLAND,2165,6307.51,3.49,290
SUKI  SHOULDER BAG,3393,6298.61,2.336911487758945,530
LOVE SEAT ANTIQUE WHITE METAL,58,6210.0,114.02439024390245,41
CLASSIC GLASS COOKIE JAR,1437,6183.39,4.753455149501661,300
BUNDLE OF 3 ALPHABET EXERCISE BOOKS,3516,6114.24,1.7743304843304841,345
PACK OF 60 DINOSAUR CAKE CASES,12312,6102.51,0.6264715447154472,601
PARISIENNE JEWELLERY DRAWER ,813,6102.18,8.39046511627907,258
RETROSPOT CHILDRENS APRON,3170,6091.099999999999,2.3748888888888886,358
BLUE SPOT CERAMIC DRAWER KNOB,4328,6083.99,1.709493333333333,374
RED SPOT CERAMIC DRAWER KNOB,4402,6054.79,1.7286216216216217,369
TEA TIME TEA TOWELS ,2600,6045.0,2.325,2
WHITE SPOT BLUE CERAMIC DRAWER KNOB,4372,6041.2,1.6842276422764229,365
WALL ART STOP FOR TEA ,869,6036.2,7.867545454545455,219
DOORMAT AIRMAIL ,800,6034.9,9.812318181818181,220
BROCADE RING PURSE ,23020,6025.95,0.363402489626556,239
DOORMAT TOPIARY,904,6009.84,8.774320388349514,205
RED RETROSPOT SMALL MILK JUG,2487,5986.01,2.7591618497109827,343
SET OF 6 TEA TIME BAKING CASES,4979,5985.55,1.524240837696335,378
PHOTO CUBE,3218,5978.78,2.596676923076923,321
VINTAGE CHRISTMAS GIFT SACK,1423,5964.150000000001,4.452293577981651,214
SET 3 WICKER OVAL BASKETS W LIDS,463,5961.25,14.623939393939393,33
WALL ART BICYCLE SAFETY,845,5954.15,7.849252873563218,173
RECYCLED ACAPULCO MAT TURQUOISE,654,5949.34,9.784460431654676,278
3 STRIPEY MICE FELTCRAFT,3021,5907.84,2.2756779661016946,468
PANTRY CHOPPING BOARD,1154,5868.5,6.361754385964912,57
QUEENS GUARD COFFEE MUG,2431,5849.29,2.7821167883211677,272
BOTANICAL GARDENS WALL CLOCK ,262,5843.92,24.791807228915662,83
SET OF 4 JAM JAR MAGNETS,2701,5842.88,2.2075000000000005,235
FRYING PAN UNION FLAG,1333,5833.59,6.180480769230769,208
FELTCRAFT PRINCESS OLIVIA DOLL,1563,5801.47,4.235924657534247,290
POLKADOT PEN,6842,5793.62,1.1349411764705881,170
WOODEN OWLS LIGHT GARLAND ,1537,5789.85,4.183509933774834,149
PHOTO FRAME 3 CLASSIC HANGING,582,5787.45,10.461965811965811,232
DOORMAT RESPECTABLE HOUSE,789,5754.03,9.92530726256983,179
SOMBRERO ,4415,5716.85,1.812295081967213,61
RED RETROSPOT PLATE ,3373,5699.71,2.085625,304
CERAMIC STRAWBERRY CAKE MONEY BANK,4160,5684.17,2.054529262086514,390
PACK OF 20 NAPKINS PANTRY DESIGN,6573,5670.0,0.9899710982658959,670
PAPER BUNTING COLOURED LACE,1893,5661.05,3.5898333333333334,238
HOT WATER BOTTLE BABUSHKA ,1165,5620.7300000000005,5.569945945945946,177
10 COLOUR SPACEBOY PEN,6564,5585.45,1.0559561128526644,318
NATURAL SLATE RECTANGLE CHALKBOARD,3195,5573.679999999999,2.071558752997602,415
ANTIQUE GLASS DRESSING TABLE POT,1798,5561.3,3.781310861423221,267
SKULL LUNCH BOX WITH CUTLERY ,2131,5550.219999999999,3.376298076923077,412
WALL ART BIG LOVE ,976,5538.26,7.661681415929204,112
LARGE IVORY HEART WALL ORGANISER,782,5525.4,9.162451612903226,155
TREASURE ISLAND BOOK BOX,2532,5521.29,2.702074074074074,267
PINK 3 PIECE POLKADOT CUTLERY SET,1471,5520.02,4.381869918699187,123
SET OF 5 LUCKY CAT MAGNETS ,2633,5513.83,2.674823529411765,255
ENAMEL MEASURING JUG CREAM,1262,5507.18,4.848253968253968,376
LUNCH BAG PAISLEY PARK  ,3385,5497.33,1.8020481927710843,325
HANGING METAL HEART LANTERN,3402,5485.629999999999,1.9432294617563741,351
3 PIECE SPACEBOY COOKIE CUTTER SET,2624,5472.6900000000005,2.5305774278215223,378
CALENDAR PAPER CUT DESIGN,1834,5467.26,3.353065693430657,271
HEART IVORY TRELLIS SMALL,4164,5459.91,1.746631853785901,378
SMALL ZINC HEART WALL ORGANISER,1541,5416.18,5.675777777777777,45
RUSTIC  SEVENTEEN DRAWER SIDEBOARD,35,5415.0,158.07692307692307,26
CHARLOTTE BAG VINTAGE ALPHABET ,5457,5405.88,1.164375,445
PACK OF 6 PANNETONE GIFT BOXES,2097,5398.33,3.0986592178770946,178
VINTAGE CREAM CAT FOOD CONTAINER,802,5396.929999999999,7.846624605678234,316
DOG BOWL CHASING BALL DESIGN,1366,5381.5199999999995,4.129848484848485,131
VINTAGE DOILY DELUXE SEWING KIT ,809,5354.01,6.812864077669903,205
PARTY METAL SIGN ,3485,5338.63,2.0224472573839662,467
TRAVEL CARD WALLET KEEP CALM,12366,5262.82,0.49730483271375464,534
HEART IVORY TRELLIS LARGE,3140,5247.719999999999,1.8795412844036699,318
WELCOME  WOODEN BLOCK LETTERS,523,5247.09,10.999627659574466,188
BOX OF VINTAGE JIGSAW BLOCKS ,937,5236.31,6.208851063829787,235
BREAD BIN DINER STYLE PINK,323,5208.45,18.21203125,128
RECIPE BOX BLUE SKETCHBOOK DESIGN,1516,5192.08,4.052696629213483,356
GUMBALL MAGAZINE RACK,621,5191.01,9.835818965517243,232
DOORMAT MERRY CHRISTMAS RED ,673,5176.25,10.198027210884353,146
RED RETROSPOT MUG,1847,5167.6900000000005,3.3125477707006374,156
SET3 BOOK BOX GREEN GINGHAM FLOWER ,1207,5163.63,5.438282442748092,262
HOME SWEET HOME METAL SIGN ,1766,5155.9800000000005,3.292605633802817,282
CHILDRENS APRON APPLES DESIGN,2414,5150.92,2.5617983651226157,365
SET OF 3 WOODEN HEART DECORATIONS,3863,5147.19,1.4479957805907173,445
REGENCY TEA STRAINER,1412,5143.6900000000005,4.422272727272728,176
SET OF 6 NATIVITY MAGNETS ,2557,5143.06,2.361597633136095,163
LARGE CERAMIC TOP STORAGE JAR,3114,5141.0599999999995,1.9777738515901062,280
SMALL IVORY HEART WALL ORGANISER,1020,5138.6,6.2221710526315785,152
COFFEE MUG PEARS  DESIGN,2329,5134.29,2.7265727699530515,212
CERAMIC CAKE STAND + HANGING CAKES,563,5117.29,9.906493506493506,154
PINK DRAWER KNOB ACRYLIC EDWARDIAN,3793,5116.7,1.66984375,254
GINGHAM HEART DECORATION,6139,5114.41,1.0084761904761905,413
FOOT STOOL HOME SWEET HOME ,489,5097.65,11.573870967741934,217
BISCUIT TIN VINTAGE CHRISTMAS,1722,5079.78,3.3792086330935254,277
CHRISTMAS TOILET ROLL,3719,5078.76,1.6951538461538462,248
SET OF 12 MINI LOAF BAKING CASES,6134,5073.45,1.1117555555555554,444
AIRLINE BAG VINTAGE TOKYO 78,1086,5072.32,5.208936708860759,392
PANTRY MAGNETIC  SHOPPING LIST,3342,5062.599999999999,1.7995876288659793,475
FELTCRAFT GIRL AMELIE KIT,1007,5059.14,5.402599277978339,275
LIGHT GARLAND BUTTERFILES PINK,1346,5044.34,4.1853731343283584,132
I'M ON HOLIDAY METAL SIGN,2371,5027.18,2.3004347826086957,367
SET 3 PAPER VINTAGE CHICK PAPER EGG,1775,5014.650000000001,3.115555555555556,214
VINTAGE CHRISTMAS TABLECLOTH,407,5012.96,13.607881355932204,117
VINYL RECORD FRAME SILVER,1339,5010.69,4.564385964912281,113
CHILDS BREAKFAST SET CIRCUS PARADE,595,5009.56,8.927575757575758,198
PACK OF SIX LED TEA LIGHTS,1752,5008.26,3.2622815533980583,203
FELTCRAFT DOLL ROSIE,1701,5007.35,3.38049504950495,301
BATH BUILDING BLOCK WORD,809,5006.26,6.620036900369003,270
BUBBLEGUM RING ASSORTED,12050,4997.28,0.47804878048780486,245
SCANDINAVIAN PAISLEY PICNIC BAG,2720,4995.38,2.0698666666666665,446
WALL ART KEEP CALM ,967,4994.790000000001,8.668470588235293,83
COFFEE MUG CAT + BIRD DESIGN,2205,4980.83,3.1865079365079363,252
BREAD BIN DINER STYLE MINT,319,4967.929999999999,16.9328125,128
PINK VINTAGE PAISLEY PICNIC BAG,2672,4957.43,2.0688009592326138,410
CHRISTMAS CRAFT WHITE FAIRY ,3247,4946.19,1.7504663212435232,377
LANDMARK FRAME COVENT GARDEN ,436,4937.01,12.61811320754717,53
"ASSORTED FLOWER COLOUR ""LEIS""",10315,4934.87,0.8927927927927929,111
TRADITIONAL PICK UP STICKS GAME ,2772,4931.87,1.431118881118881,276
BIRD HOUSE HOT WATER BOTTLE,1172,4912.14,4.051458333333333,279
STRAWBERRY   PICNIC BAG,1707,4898.849999999999,3.405555555555556,251
POPPY'S PLAYHOUSE KITCHEN,2117,4880.83,2.4816628701594534,436
CIRCUS PARADE BABY GIFT SET,315,4879.599999999999,16.296576576576577,111
ROLL WRAP 50'S CHRISTMAS,3535,4875.65,1.5103072625698326,354
SET/10 BLUE POLKADOT PARTY CANDLES,4011,4863.05,1.2982644628099174,240
PLAYING CARDS KEEP CALM & CARRY ON,3643,4860.55,1.279298245614035,335
JUMBO BAG CHARLIE AND LOLA TOYS,1932,4851.73,3.2029,300
SET/6 RED SPOTTY PAPER CUPS,7121,4851.5,0.9603908045977011,428
FILIGRIS HEART WITH BUTTERFLY,3903,4848.13,1.4722374429223746,212
POTTERING MUG,3789,4825.36,2.0920059880239523,333
LANDMARK FRAME OXFORD STREET,422,4805.53,13.047017543859647,57
PICTURE DOMINOES,3188,4798.38,1.9796408839779005,356
LANDMARK FRAME NOTTING HILL ,421,4780.57,12.897450980392156,50
EDWARDIAN PARASOL PINK,809,4767.400000000001,7.292470588235294,170
BULL DOG BOTTLE OPENER,874,4764.5,6.4533082706766915,264
PINK HEART SHAPE EGG FRYING PAN,3229,4753.53,2.165366795366795,256
5 HOOK HANGER RED MAGIC TOADSTOOL,3098,4751.639999999999,1.9261654135338346,131
BLUE VINTAGE SPOT BEAKER,5048,4747.62,1.03009009009009,222
PINK POLKADOT BOWL,3674,4747.34,1.6501483679525224,333
RED RETROSPOT BUTTER DISH,969,4743.900000000001,5.474541666666667,238
36 PENCILS TUBE RED RETROSPOT,3734,4723.7300000000005,1.5887384615384617,325
TRADTIONAL ALPHABET STAMP SET,954,4717.66,5.3034693877551025,192
SET OF 5 PANCAKE DAY MAGNETS,2293,4713.52,2.3199107142857143,223
CERAMIC HEART FAIRY CAKE MONEY BANK,2354,4709.74,2.2715211267605633,351
LANDMARK FRAME LONDON BRIDGE ,415,4703.87,13.125384615384615,52
SPACEBOY MINI BACKPACK,1102,4697.54,4.537829787234043,233
ABC TREASURE BOOK BOX ,2165,4693.08,2.663215859030837,226
WASHROOM METAL SIGN,3012,4674.83,1.657445652173913,364
CABIN BAG VINTAGE RETROSPOT,247,4674.62,22.484117647058824,68
SET OF 3 CAKE TINS SKETCHBOOK,1020,4671.81,5.396275167785235,297
TREASURE TIN GYMKHANA DESIGN,2165,4669.55,2.4851092896174864,363
RIBBON REEL STRIPES DESIGN ,2680,4661.88,1.9854457831325298,409
POPPY'S PLAYHOUSE BEDROOM ,2021,4661.79,2.546305882352941,423
TRADITIONAL CHRISTMAS RIBBONS,3245,4655.2,1.6685439560439561,359
PINK PARTY BAGS,2456,4649.5,2.2805988023952097,165
WOODEN SKITTLES GARDEN SET,313,4638.46,16.473846153846154,142
PICNIC BOXES SET OF 3 RETROSPOT ,965,4620.91,5.667329842931937,190
HEART FILIGREE DOVE LARGE,2789,4613.969999999999,1.9075984251968503,250
CAMOUFLAGE LED TORCH,2726,4594.43,2.109345238095238,168
PINK VINTAGE SPOT BEAKER,4807,4572.41,1.06703125,191
PACK OF 60 SPACEBOY CAKE CASES,8420,4563.24,0.7674003795066414,520
HOME SWEET HOME BLACKBOARD,1011,4561.76,6.0208875739644965,169
LAUNDRY 15C METAL SIGN,2918,4542.889999999999,1.7629745042492915,351
12 PENCILS SMALL TUBE SKULL,6976,4527.43,0.7523415977961433,355
SET OF 3 HANGING OWLS OLLIE BEAK,3720,4521.72,1.4738323353293412,325
REGENCY SUGAR TONGS,1832,4515.22,3.329234449760766,209
PARISIENNE CURIO CABINET,546,4507.08,9.16721991701245,241
BLUE 3 PIECE POLKADOT CUTLERY SET,1220,4504.5,4.162685185185185,108
SET OF 60 I LOVE LONDON CAKE CASES ,8275,4495.85,0.7424170616113744,407
CUPCAKE LACE PAPER SET 6,2367,4488.63,2.093191489361702,186
SKULL SHOULDER BAG,2421,4480.28,2.140631067961165,411
SMALL CERAMIC TOP STORAGE JAR ,5847,4476.009999999999,1.0025210084033613,231
SET OF 36 TEATIME PAPER DOILIES,3051,4471.17,1.9834730538922156,334
PHARMACIE FIRST AID TIN,581,4470.8099999999995,9.662068965517241,173
PURPLE DRAWERKNOB ACRYLIC EDWARDIAN,3105,4469.37,1.743677685950413,237
CHRISTMAS LIGHTS 10 SANTAS ,608,4460.54,8.33764705882353,152
PAPER BUNTING VINTAGE PAISLEY,1423,4457.43,3.5026277372262773,272
GREEN VINTAGE SPOT BEAKER,4625,4444.2300000000005,1.0418817204301074,185
WALL ART ONLY ONE PERSON ,1050,4406.57,5.584883720930232,86
BLACK KITCHEN SCALES,517,4401.86,9.169145728643217,199
12 PENCILS SMALL TUBE RED RETROSPOT,6633,4383.27,0.7378688524590163,362
ROLL WRAP VINTAGE CHRISTMAS,3221,4342.6,1.5426530612244898,337
SMALL CHINESE STYLE SCISSOR,13328,4335.76,0.4014814814814815,54
BOX OF 24 COCKTAIL PARASOLS,7903,4327.38,0.6784745762711863,583
CHILDREN'S APRON DOLLY GIRL ,2069,4326.43,2.442825396825397,313
TRADITIONAL WOODEN CATCH CUP GAME ,3192,4317.16,1.6051196172248803,412
RED RETROSPOT WRAP ,10526,4311.92,0.4180357142857143,336
CLASSIC CAFE SUGAR DISPENSER,3075,4311.35,1.7985757575757575,325
ROUND SNACK BOXES SET OF 4 SKULLS,1167,4304.25,4.334896551724138,287
RECYCLED ACAPULCO MAT GREEN,497,4286.55,9.223268292682926,205
SET OF 6 HERB TINS SKETCHBOOK,1164,4262.820000000001,4.301208053691275,295
WICKER STAR ,1842,4251.72,2.5493430656934306,405
PINK FLORAL FELTCRAFT SHOULDER BAG,1116,4232.13,4.193650190114068,262
LARGE CAKE STAND  HANGING STRAWBERY,582,4218.0599999999995,10.28958904109589,146
GLASS BON BON JAR,2354,4215.78,2.380175438596491,225
CHARLOTTE BAG DOLLY GIRL DESIGN,5194,4214.95,0.9770883054892601,415
ANTIQUE GLASS PEDESTAL BOWL,1027,4203.89,4.729107142857143,220
ZINC T-LIGHT HOLDER STARS SMALL,5089,4197.83,0.9436727272727272,274
GLASS APOTHECARY BOTTLE PERFUME,1071,4197.110000000001,4.62991935483871,246
HOLIDAY FUN LUDO,1162,4194.89,4.441428571428571,217
SET OF 4 ENGLISH ROSE PLACEMATS,1000,4193.12,5.176375838926174,298
PACK 3 BOXES BIRD PANNETONE ,2168,4188.94,2.5172727272727276,187
RED RETROSPOT CHILDRENS UMBRELLA,1235,4171.33,4.018487394957983,237
PARISIENNE KEY CABINET ,700,4147.18,6.66234375,255
ANTIQUE HEART SHELF UNIT,275,4145.47,17.8127027027027,74
VINTAGE CREAM 3 BASKET CAKE STAND,409,4145.389999999999,11.102941176470589,153
SCANDINAVIAN REDS RIBBONS,2969,4144.32,1.6593654266958426,451
GIN AND TONIC MUG,2974,4141.179999999999,2.014203389830508,295
STRAWBERRY FAIRY CAKE TEAPOT,795,4132.88,6.036470588235295,200
DOORMAT VINTAGE LEAF,564,4122.2,9.177535211267607,142
CHRISTMAS STAR WISH LIST CHALKBOARD,3476,4110.42,1.299132075471698,262
ROUND CAKE TIN VINTAGE GREEN,529,4101.77,8.441549295774648,213
CHILDRENS CUTLERY CIRCUS PARADE,1014,4097.22,4.346962025316456,158
I LOVE LONDON BABY GIFT SET,263,4082.5199999999995,15.988252427184465,103
BUFFALO BILL TREASURE BOOK BOX,1922,4079.28,2.730571428571429,175
WOODEN HEART CHRISTMAS SCANDINAVIAN,10608,4075.3599999999997,0.4979783393501805,538
PACK OF 12 TRADITIONAL CRAYONS,9719,4072.13,0.5406053811659193,443
OWL DOORSTOP,695,4051.79,6.7411111111111115,251
BAG 250g SWIRLY MARBLES,5144,4039.2799999999997,1.0033734939759036,248
VINTAGE CHRISTMAS CAKE FRILL,2500,4034.08,1.9589473684210525,151
LOVEBIRD HANGING DECORATION WHITE ,4133,4033.7299999999996,1.1821157323688969,544
SET/6 PINK  BUTTERFLY T-LIGHTS,2096,4007.85,2.3841176470588237,186
HEART SHAPED HOLLY WREATH,950,3999.5000000000005,4.576279069767442,172
WATERING CAN BLUE ELEPHANT,2058,3998.7099999999996,2.3188988095238097,334
60 CAKE CASES DOLLY GIRL DESIGN,7481,3990.2000000000003,0.6748868778280543,437
PAINT YOUR OWN CANVAS SET,2461,3986.64,1.9142342342342342,220
SET OF 36 DOILIES PANTRY DESIGN,2741,3983.6,1.7355510204081632,244
36 FOIL HEART CAKE CASES,2050,3983.3900000000003,2.225273631840796,198
BLUE POLKADOT BOWL,3120,3983.12,1.5869753086419751,322
ENCHANTED BIRD COATHANGER 5 HOOK,833,3974.32,5.533209876543211,241
FELTCRAFT DOLL EMILY,1340,3953.4800000000005,3.327977528089888,267
NOVELTY BISCUITS CAKE STAND 3 TIER,385,3939.87,11.292349397590362,165
WALL ART DOG LICENCE ,604,3939.76,8.880260869565218,114
FOOD CONTAINER SET 3 LOVE HEART ,2031,3936.5899999999997,2.8124324324324323,291
LANDMARK FRAME BAKER STREET ,350,3930.27,13.181875,32
EASTER CRAFT 4 CHICKS ,1933,3917.45,2.255079365079365,186
PANTRY SCRUBBING BRUSH,2363,3910.0099999999998,1.9236734693877549,291
SET 10 NIGHT OWL LIGHTS,505,3908.73,8.948604651162789,170
GREEN METAL BOX ARMY SUPPLIES,467,3906.25,9.44148148148148,135
JUMBO BAG SCANDINAVIAN PAISLEY,2057,3904.72,2.760689655172414,144
RECYCLED ACAPULCO MAT RED,456,3896.84,8.921505376344086,186
METAL SIGN HER DINNER IS SERVED ,1320,3896.4500000000003,2.9212631578947374,95
RED RETROSPOT OVEN GLOVE DOUBLE,914,3888.98,4.408677042801556,255
BICYCLE PUNCTURE REPAIR KIT ,1863,3881.91,2.2640650406504066,116
CAKE PLATE LOVEBIRD WHITE,1057,3880.2,5.441216216216216,222
LARGE RED RETROSPOT WINDMILL,1963,3877.09,2.531,140
WOODEN STAR CHRISTMAS SCANDINAVIAN,10460,3876.5399999999995,0.46971698113207544,512
BOYS VINTAGE TIN SEASIDE BUCKET,1425,3872.92,3.385204918032787,244
PARISIENNE SEWING BOX,312,3839.2400000000002,13.468920863309354,138
RETRO COFFEE MUGS ASSORTED,2567,3839.01,5.427469135802469,159
PEG BAG APPLES DESIGN,1484,3833.3599999999997,3.2074394463667817,287
RIBBON REEL SNOWY VILLAGE,2173,3829.67,2.3363176895306856,275
BISCUIT TIN VINTAGE RED,589,3823.21,7.2198765432098755,162
ILLUSTRATED CAT BOWL ,1410,3822.1199999999994,3.13900826446281,120
LARGE CAKE TOWEL PINK SPOTS,1105,3815.7,6.258814814814814,134
GYMKHANA TREASURE BOOK BOX,1715,3815.5299999999997,2.7494581280788175,200
BLUE POLKADOT PLATE ,2282,3789.3199999999997,2.0589847715736043,196
LUNCH BAG SUKI  DESIGN ,2217,3786.91,2.4341666666666666,200
16 PIECE CUTLERY SET PANTRY DESIGN,254,3785.06,17.16623188405797,69
SET OF 6 T-LIGHTS SANTA,1240,3781.2000000000003,3.5039805825242722,204
SMALL RED RETROSPOT WINDMILL,3075,3766.93,1.469078947368421,226
FOOD COVER WITH BEADS SET 2 ,1009,3761.63,4.374758620689655,145
LARGE ANTIQUE WHITE PHOTO FRAME,523,3757.78,8.100962962962964,135
COLOURING PENCILS BROWN TUBE,5085,3744.49,1.0133512064343164,331
RED RETROSPOT TRADITIONAL TEAPOT ,477,3724.9900000000002,8.525724137931034,144
FIRST AID TIN,1161,3722.23,3.5810119047619047,166
LARGE HEART MEASURING SPOONS,1976,3720.66,2.3564285714285713,373
CINDERELLA CHANDELIER ,221,3717.56,45.48739130434783,23
GLASS  BEURRE DISH,878,3709.78,5.628215962441314,212
CREAM SWEETHEART EGG HOLDER,767,3708.52,5.392760736196319,161
STORAGE TIN VINTAGE DOILY ,1272,3704.78,3.4103125,190
FOUR HOOK  WHITE LOVEBIRDS,1609,3700.94,2.8394306930693074,399
TOILET SIGN OCCUPIED OR VACANT,3741,3688.2099999999996,1.5304347826086955,433
VINTAGE BLUE KITCHEN CABINET,26,3685.0,146.75,20
RED RETROSPOT SUGAR JAM BOWL,1516,3682.17,2.9028225806451613,246
MISTLETOE HEART WREATH GREEN,882,3676.1800000000003,4.532011173184357,179
GLASS APOTHECARY BOTTLE TONIC,924,3674.1600000000003,4.672946428571429,223
S/6 WOODEN SKITTLES IN COTTON BAG,1147,3674.11,3.8581196581196586,231
IVORY GIANT GARDEN THERMOMETER,594,3656.8500000000004,6.2895408163265305,195
FRENCH ENAMEL CANDLEHOLDER,1693,3649.4900000000002,2.6198136645962733,317
WALL TIDY RETROSPOT ,2283,3638.5699999999997,3.022176870748299,293
BABUSHKA LIGHTS STRING OF 10,517,3633.17,8.304117647058824,153
FAIRY TALE COTTAGE NIGHTLIGHT,2093,3626.45,2.392736842105263,94
CAKE STAND 3 TIER MAGIC GARDEN,308,3624.5999999999995,12.525,88
SET OF 6 SNACK LOAF BAKING CASES,4392,3607.81,1.089776536312849,354
EMPIRE DESIGN ROSETTE,4244,3606.4199999999996,1.227857142857143,28
DRAWER KNOB CRACKLE GLAZE IVORY,2154,3595.3799999999997,1.7784848484848483,194
CHARLIE AND LOLA FIGURES TINS,1523,3587.19,4.046558139534883,214
SET OF 16 VINTAGE PISTACHIO CUTLERY,317,3585.99,14.927403846153847,104
TEA BAG PLATE RED RETROSPOT,4084,3583.29,1.0849861495844875,358
ANTIQUE SILVER BAUBLE LAMP  ,376,3583.23,10.834999999999999,78
COLOURED GLASS STAR T-LIGHT HOLDER,1012,3580.96,4.481132075471698,52
CLASSIC CHROME BICYCLE BELL ,2498,3578.62,1.6264141414141413,193
ROTATING LEAVES T-LIGHT HOLDER,1928,3571.33,2.6051265822784813,313
PACK OF 20 NAPKINS RED APPLES,4380,3569.58,0.9678851174934725,375
STRAWBERRY SHOPPER BAG,2855,3561.98,1.6730215827338129,412
ANTIQUE TALL SWIRLGLASS TRINKET POT,870,3560.74,4.955615763546798,203
RED BABY BUNTING ,1128,3559.0,3.7677777777777783,234
RIBBON REEL CHRISTMAS SOCK BAUBLE,1818,3556.97,2.3681619937694705,318
WHITE ROCKING HORSE HAND PAINTED,2849,3551.53,1.4668316831683168,192
SET OF 36 PAISLEY FLOWER DOILIES,2219,3545.6,2.144388888888889,360
IVORY WICKER HEART LARGE,2059,3542.7099999999996,1.7616891891891888,287
BUNDLE OF 3 RETRO NOTE BOOKS,2141,3529.8899999999994,1.8762411347517731,276
BAG 125g SWIRLY MARBLES,9390,3528.89,0.495738255033557,294
RETROSPOT LAMP,330,3521.54,11.514709677419354,155
DOORMAT PEACE ON EARTH BLUE,705,3519.6600000000003,9.140625,32
ZINC HERB GARDEN CONTAINER,556,3516.64,6.744,204
VINTAGE PAISLEY STATIONERY SET,1901,3510.72,2.065475113122172,436
6 GIFT TAGS VINTAGE CHRISTMAS ,4007,3510.0499999999997,0.9988519637462235,327
SET OF 12 FORK CANDLES,1249,3507.51,3.3956338028169015,141
GIRLS VINTAGE TIN SEASIDE BUCKET,1330,3507.17,3.261293103448276,231
"TRAY, BREAKFAST IN BED",275,3491.8599999999997,14.710749999999999,80
RED RETROSPOT CUP,3969,3488.44,1.0694117647058823,387
GAOLERS KEYS DECORATIVE GARDEN ,935,3475.73,3.968046511627907,214
BATHROOM METAL SIGN,5881,3473.21,0.8306466876971609,631
CHRISTMAS PUDDING TRINKET POT ,6729,3462.25,1.0662948207171314,241
PINK  POLKADOT PLATE ,2065,3449.6,2.1288709677419355,185
CAMOUFLAGE DESIGN TEDDY,1631,3448.05,2.4124999999999996,36
SET OF 9 HEART SHAPED BALLOONS,2757,3445.5,1.4632089552238805,266
ROLL WRAP VINTAGE SPOT ,2712,3445.08,1.4612861736334404,305
METAL SIGN DROP YOUR PANTS,1275,3444.4300000000003,3.3344711538461542,206
RETROSPOT GIANT TUBE MATCHES,1494,3442.5,2.5266666666666664,132
IVORY HANGING DECORATION  HEART,3883,3442.45,1.1086196319018404,317
MIRRORED DISCO BALL ,649,3435.05,5.797388059701492,134
6 GIFT TAGS 50'S CHRISTMAS ,3740,3429.3999999999996,0.9722121212121212,322
SET OF 5 MINI GROCERY MAGNETS,1665,3423.29,2.261497584541063,205
FELTCRAFT GIRL NICOLE KIT,668,3422.4,5.279782608695652,182
GLASS APOTHECARY BOTTLE ELIXIR,856,3419.5800000000004,4.863838862559241,209
TEA TIME KITCHEN APRON,602,3414.5000000000005,6.340522388059702,133
WOODLAND MINI BACKPACK,816,3411.34,4.640657894736842,152
COFFEE MUG DOG + BALL DESIGN,1528,3409.21,3.1201020408163265,196
FANCY FONTS BIRTHDAY WRAP,8550,3409.0,0.4182608695652174,230
OFFICE MUG WARMER BLACK+SILVER ,1132,3403.76,4.082222222222223,142
SET 3 WICKER STORAGE BASKETS ,241,3399.95,19.355405405405406,74
RED GINGHAM ROSE JEWELLERY BOX,1740,3391.1499999999996,2.321786941580756,286
SPACEBOY BIRTHDAY CARD,8161,3387.5699999999997,0.5244318181818182,527
CHARLIE+LOLA PINK HOT WATER BOTTLE,1003,3384.98,3.4974203821656054,313
BUTTON BOX ,1876,3378.5,1.9483399209486165,250
VINTAGE  2 METRE FOLDING RULER,1627,3374.0499999999997,1.9993506493506492,152
SWEETHEART 3 TIER CAKE STAND ,284,3371.58,12.072264150943397,158
PACK 3 BOXES CHRISTMAS PANNETONE,1649,3359.8199999999997,2.749156626506024,161
MOROCCAN TEA GLASS,4162,3357.34,1.01512,125
FLORAL FOLK STATIONERY SET,1937,3355.84,2.024824355971897,425
DOORMAT CHRISTMAS VILLAGE,590,3354.22,11.319807692307693,52
SET OF 4 KNICK KNACK TINS POPPIES,842,3353.84,4.393646408839779,178
HAPPY STENCIL CRAFT,2823,3348.1800000000003,1.3495070422535211,281
WATERING CAN PINK BUNNY,1716,3342.8199999999997,2.247849462365591,277
"DIAMANTE HEART SHAPED WALL MIRROR, ",415,3328.2,11.87312925170068,146
RIBBON REEL HEARTS DESIGN ,1897,3325.29,2.0423312883435583,323
SET 10 LIGHTS NIGHT OWL,461,3317.4700000000003,9.038333333333332,119
LARGE DECO JEWELLERY STAND,263,3302.44,12.99621052631579,95
FINE WICKER HEART ,2642,3301.73,1.5268487394957984,237
JAM JAR WITH PINK LID,3896,3288.11,1.058187134502924,342
3 HOOK HANGER MAGIC GARDEN,1703,3276.2099999999996,2.8271249999999997,159
EMBOSSED GLASS TEALIGHT HOLDER,2546,3273.5,1.5488151658767773,211
SET OF 60 VINTAGE LEAF CAKE CASES ,6139,3272.61,0.6942159383033419,382
SET 3 SONG BIRD PAPER EGGS ASSORTED,1171,3271.4100000000003,3.0120289855072464,138
SET OF 16 VINTAGE ROSE CUTLERY,272,3264.63,14.169411764705883,101
POTTING SHED TEA MUG,2477,3259.75,1.7556578947368422,302
BELLE JARDINIERE CUSHION COVER,748,3257.08,4.915592417061611,210
RECYCLED ACAPULCO MAT PINK,364,3254.32,9.819390243902438,164
20 DOLLY PEGS RETROSPOT,2448,3251.6,1.569642857142857,222
GREEN CHRISTMAS TREE CARD HOLDER,1266,3245.68,3.9398969072164944,192
ENAMEL WATERING CAN CREAM,617,3241.34,5.763367346938776,195
POPPY'S PLAYHOUSE LIVINGROOM ,1447,3236.5400000000004,2.5151975683890577,328
RECYCLED ACAPULCO MAT BLUE,365,3223.49,9.636790123456791,162
WRAP ALPHABET DESIGN,7976,3217.92,0.41736170212765955,235
12 PENCIL SMALL TUBE WOODLAND,4497,3210.27,0.7885479452054794,355
HOME SWEET HOME CUSHION COVER ,801,3207.91,4.481428571428571,229
VICTORIAN  METAL POSTCARD SPRING,2869,3206.0,1.8941208791208792,177
GLASS JAR ENGLISH CONFECTIONERY,1010,3192.82,3.937720930232558,214
SET/3 VANILLA SCENTED CANDLE IN BOX,726,3186.5,5.390864197530864,162
PACK OF 12 COLOURED PENCILS,3947,3183.6299999999997,0.9124886877828055,219
ROSE CARAVAN DOORSTOP,562,3162.24,7.511472392638037,162
MINT DINER WALL CLOCK,371,3159.41,8.835555555555555,162
DRAWER KNOB CERAMIC IVORY,2155,3147.79,1.646020942408377,190
WHITE WICKER STAR ,1469,3146.78,2.251291390728477,294
HANGING METAL STAR LANTERN,2053,3141.5399999999995,1.87605,198
MINI WOODEN HAPPY BIRTHDAY GARLAND,1811,3131.24,2.377920353982301,224
GLASS CLOCHE SMALL,804,3131.02,4.9038775510204085,142
DINOSAUR LUNCH BOX WITH CUTLERY,1281,3127.38,3.0350467289719627,213
SPACEBOY BEAKER,2628,3112.34,1.5186559139784948,184
GREEN 3 PIECE POLKADOT CUTLERY SET,850,3110.9100000000003,4.340506329113924,79
BLUE POLKADOT CUP,3570,3110.2599999999998,1.113211009174312,325
RETROSPOT RED WASHING UP GLOVES,1457,3088.86,2.5132573289902282,304
GLITTER BUTTERFLY CLIPS,1128,3074.7799999999997,3.1662903225806454,241
VINTAGE  2 METER FOLDING RULER,1844,3073.72,1.8808196721311474,181
ALPHABET STENCIL CRAFT,2697,3057.27,1.3571505376344086,186
SWEETHEART BIRD HOUSE,847,3041.21,4.551500000000001,94
SET OF 4 NAPKIN CHARMS CUTLERY,1251,3039.66,2.8548837209302325,125
DECORATIVE WICKER HEART LARGE,1767,3038.1899999999996,1.7691199999999998,233
CHILDREN'S SPACEBOY MUG,1771,3028.0399999999995,1.9899561403508772,227
TABLECLOTH RED APPLES DESIGN ,305,3027.3799999999997,10.172682926829268,122
TREASURE TIN BUFFALO BILL ,1470,3024.63,2.2825345622119815,214
SET OF 6 T-LIGHTS SNOWMEN,944,3022.0800000000004,3.5977108433734943,165
SET OF SALT AND PEPPER TOADSTOOLS,2472,3021.6,1.2452261306532664,199
CARDHOLDER HOLLY WREATH METAL,658,3021.12,5.085037037037037,135
SET OF 4 KNICK KNACK TINS LEAF,747,3020.61,4.271626016260163,123
CITRONELLA CANDLE GARDEN POT,1651,3010.65,1.8948458149779734,225
CHRISTMAS METAL TAGS ASSORTED ,2991,3008.92,2.2110857142857143,172
DOILEY STORAGE TIN,1094,3004.46,3.103008130081301,122
DOLLY GIRL MINI BACKPACK,739,2992.3900000000003,4.392682926829269,161
TROPICAL  HONEYCOMB PAPER GARLAND ,1240,2987.82,3.166153846153846,101
CERAMIC CHERRY CAKE MONEY BANK,2214,2986.97,2.1284420289855075,276
CHRISTMAS HANGING STAR WITH BELL,5840,2981.8399999999997,0.744638783269962,252
WRAP ENGLISH ROSE ,7201,2980.42,0.41943548387096774,248
WOODLAND PARTY BAG + STICKER SET,1840,2975.14,2.0058469945355193,183
GINGHAM HEART  DOORSTOP RED,785,2961.83,4.917489711934157,241
SET 12 KIDS COLOUR  CHALK STICKS,7199,2950.25,0.5195967741935483,369
12 MESSAGE CARDS WITH ENVELOPES,1733,2947.87,2.0496899224806198,251
VINTAGE UNION JACK APRON,407,2939.51,8.065411764705884,169
SET OF 3 BLACK FLYING DUCKS,577,2934.8100000000004,6.268839285714286,111
GLASS CLOCHE LARGE,350,2934.53,10.711929824561404,57
RED ROCKING HORSE HAND PAINTED,2329,2930.57,1.5651851851851852,160
TEA TIME OVEN GLOVE,2180,2927.55,1.6214511041009463,315
S/4 CACTI CANDLES,613,2927.08,7.02828025477707,157
RIBBON REEL LACE DESIGN ,1369,2923.21,2.6293401015228426,192
COTTON APRON PANTRY DESIGN,633,2917.4300000000003,5.315301204819277,164
BISCUIT TIN VINTAGE GREEN,450,2904.52,7.27,126
GLASS HEART T-LIGHT HOLDER ,3321,2893.77,1.149158878504673,214
SPACEBOY CHILDRENS BOWL,2430,2890.3500000000004,1.4357009345794394,214
 DOLLY GIRL BEAKER,2451,2886.25,1.5064204545454545,174
DOORMAT VINTAGE LEAVES DESIGN ,430,2881.18,7.847912087912087,91
FLOWERS CHANDELIER T-LIGHT HOLDER,960,2879.37,6.182564102564102,38
RED DRAWER KNOB ACRYLIC EDWARDIAN,2254,2871.75,1.5968794326241134,140
MODERN FLORAL STATIONERY SET,1672,2870.0,1.9954200542005418,366
PACK OF 60 MUSHROOM CAKE CASES,5199,2869.9,0.8403266331658291,393
RETROSPOT PADDED SEAT CUSHION,750,2860.98,4.555903614457831,83
STOOL HOME SWEET HOME ,237,2860.58,12.967478260869566,114
ENAMEL WASH BOWL CREAM,742,2855.21,4.903253588516746,208
CHEST OF DRAWERS GINGHAM HEART ,163,2851.3599999999997,18.919890109890108,91
PLAYING CARDS JUBILEE UNION JACK,1927,2848.89,1.3483410138248846,208
BAKING MOULD HEART MILK CHOCOLATE,1108,2846.8,3.073350785340314,189
HEART WREATH DECORATION WITH BELL,2284,2845.89,1.4963157894736843,185
EMPIRE UNION JACK TV DINNER TRAY,880,2839.21,6.91288,125
VICTORIAN SEWING KIT,2518,2822.58,1.3965248226950355,140
BLUE PARTY BAGS ,1480,2822.32,2.182372881355932,118
TOY TIDY SPACEBOY  ,1312,2815.46,2.6916433566433566,285
RED RETROSPOT TEA CUP AND SAUCER ,848,2811.17,3.9930120481927713,162
BLUE POLKADOT WRAP,6927,2809.34,0.41695852534562206,217
RED HEART SHAPE LOVE BUCKET ,1395,2803.13,3.200062893081761,159
CUPBOARD 3 DRAWER MA CAMPAGNE,171,2786.0299999999997,17.674464285714286,112
SWEETHEART WIRE MAGAZINE RACK,326,2784.9,9.025934065934067,182
WHITE LOVEBIRD LANTERN,834,2764.0600000000004,3.735454545454546,164
BUNDLE OF 3 SCHOOL EXERCISE BOOKS  ,1702,2761.8999999999996,1.7966009852216749,202
JAM JAR WITH GREEN LID,3266,2760.71,1.0840259740259741,306
BLUE GIANT GARDEN THERMOMETER,449,2757.4700000000003,6.510491803278689,182
WALL ART 70'S ALPHABET ,356,2757.06,10.14864864864865,74
SMALL HEART MEASURING SPOONS,2847,2754.16,1.2229853862212943,472
SINGLE ANTIQUE ROSE HOOK IVORY,1868,2752.2,1.5256226415094338,261
CHEST NATURAL WOOD 20 DRAWERS,24,2745.0,118.07692307692308,13
SET OF 3 WOODEN STOCKING DECORATION,2053,2743.82,1.454005934718101,319
PINK DINER WALL CLOCK,307,2741.35,9.943057851239669,121
GREEN DRAWER KNOB ACRYLIC EDWARDIAN,2075,2739.4,1.5244102564102564,191
SILVER BELLS TABLE DECORATION,2166,2739.38,1.426235741444867,257
CHILDRENS DOLLY GIRL MUG,1598,2729.6899999999996,2.044390243902439,204
PACK OF 12 HEARTS DESIGN TISSUES ,8775,2729.5099999999998,0.4177389277389277,427
6 EGG HOUSE PAINTED WOOD,299,2726.43,9.944580645161292,155
GLITTER HANGING BUTTERFLY STRING,1314,2722.9500000000003,2.452060301507538,194
REGENCY CAKE SLICE,578,2718.65,5.579673913043479,92
ZINC WILLIE WINKIE  CANDLE STICK,2933,2712.7,1.0908487084870848,268
SET OF 2 TRAYS HOME SWEET HOME,265,2709.43,10.68142857142857,133
PINK  POLKADOT CUP,3016,2707.34,1.1209354838709678,307
GREEN GIANT GARDEN THERMOMETER,430,2704.71,6.6860135135135135,148
OVERNIGHT BAG VINTAGE ROSE PAISLEY,405,2704.35,7.358076923076922,178
VANILLA SCENT CANDLE JEWELLED BOX,1396,2696.48,4.566851851851852,106
IVORY WICKER HEART MEDIUM,2089,2695.45,1.3329218106995884,233
RIBBON REEL CHRISTMAS PRESENT ,1388,2694.15,2.3409022556390977,259
SET OF 3 WOODEN SLEIGH DECORATIONS,1963,2690.81,1.496592356687898,299
BLACK AND WHITE CAT BOWL,1363,2684.6499999999996,2.037755102040816,49
DOORMAT I LOVE LONDON,364,2678.96,9.895098039215686,102
DOORMAT WELCOME SUNRISE,371,2678.77,9.365499999999999,120
GIRLS ALPHABET IRON ON PATCHES ,12442,2678.33,0.3868027210884354,147
SPACEBOY GIFT WRAP,6527,2673.34,0.41865384615384615,208
WATERING CAN GREEN DINOSAUR,1394,2667.5,2.2754148471615716,227
PARTY CONE CHRISTMAS DECORATION ,2277,2664.6299999999997,1.7685840707964602,110
ROUND CONTAINER SET OF 5 RETROSPOT,1603,2661.89,2.0687866108786612,238
MA CAMPAGNE CUTLERY BOX,168,2661.7999999999997,16.81356435643564,101
LARGE CAKE TOWEL CHOCOLATE SPOTS,925,2661.67,5.374259259259259,104
PACK OF 6 SWEETIE GIFT BOXES,1061,2649.35,3.129326923076923,102
TRIPLE HOOK ANTIQUE IVORY ROSE,798,2645.26,3.5144155844155844,227
N0 SINGING METAL SIGN,1225,2639.42,2.673673469387755,49
TOTE BAG I LOVE LONDON,1288,2633.28,2.6674264705882353,136
FOLKART ZINC HEART CHRISTMAS DEC,2986,2629.81,1.1341129032258064,244
FLUTED ANTIQUE CANDLE HOLDER,2785,2622.93,1.1530582524271844,206
ANTIQUE ALL GLASS CANDLESTICK,1169,2614.05,2.3111940298507463,199
UTILTY CABINET WITH HOOKS,131,2610.29,21.771666666666665,6
GARLAND WOODEN HAPPY EASTER,1952,2609.43,1.610539419087137,239
3 TRADITIONAl BISCUIT CUTTERS  SET,1209,2606.4100000000003,2.3547210300429184,232
RECYCLED ACAPULCO MAT LAVENDER,295,2604.93,9.533076923076923,130
HALL CABINET WITH 3 DRAWERS,76,2603.5299999999997,56.508,5
BLACK AND WHITE DOG BOWL,1196,2602.18,2.634807692307693,52
VINTAGE LEAF MAGNETIC NOTEPAD,1707,2601.15,1.822230215827338,274
PINK OWL SOFT TOY,877,2594.23,3.462046783625731,171
PINK POLKADOT WRAP ,6350,2593.0,0.4169014084507042,213
GLASS JAR DAISY FRESH COTTON WOOL,727,2592.33,4.470148698884758,268
BAKING MOULD EASTER EGG MILK CHOC,940,2585.92,3.48869918699187,122
CREAM WALL PLANTER HEART SHAPED,433,2582.75,6.442974683544304,158
TWO DOOR CURIO CABINET,212,2577.45,12.538554216867471,83
BLUE DRAWER KNOB ACRYLIC EDWARDIAN,1890,2576.03,1.675846153846154,195
STOP FOR TEA WALL ART,518,2572.7,5.775853658536586,41
PENS ASSORTED FUNNY FACE,9572,2571.4,0.38857142857142857,216
SMALL DOLLY MIX DESIGN ORANGE BOWL,5030,2564.99,0.6323408239700373,527
SET/6 TURQUOISE BUTTERFLY T-LIGHTS,1279,2561.02,2.426547619047619,165
SPACEBOY CHILDRENS CUP,2050,2557.57,1.5344239631336405,216
KINGS CHOICE TEA CADDY ,698,2551.2200000000003,4.32796875,255
TOADSTOOL MONEY BOX,817,2549.11,3.657795698924731,184
PINK DOUGHNUT TRINKET POT ,1728,2546.2999999999997,2.1447368421052633,241
MISTLETOE HEART WREATH CREAM,624,2535.48,4.21018018018018,110
SET/20 STRAWBERRY PAPER NAPKINS ,2769,2531.04,1.2559047619047619,313
LUNCH BAG RED VINTAGE DOILY,1576,2525.04,1.8662406015037591,132
FRENCH WC SIGN BLUE METAL,1882,2516.75,1.6347194719471947,301
CERAMIC STRAWBERRY MONEY BOX,977,2515.52,3.316695652173913,114
GLASS STAR FROSTED T-LIGHT HOLDER,517,2514.4300000000003,5.356641221374046,131
FRENCH BATHROOM SIGN BLUE METAL,1476,2511.22,2.0876923076923077,219
GINGHAM RECIPE BOOK BOX,462,2509.62,6.186740740740741,135
BAKING MOULD CHOCOLATE CUPCAKES,948,2502.04,2.928509316770186,157
RED REFECTORY CLOCK ,250,2501.64,11.109454545454545,110
CREAM SLICE FLANNEL PINK SPOT ,901,2492.71,3.8324489795918364,97
SET 12 COLOUR PENCILS SPACEBOY ,3278,2491.2000000000003,0.7566666666666667,282
MAN FLU METAL SIGN,1160,2490.13,2.5055555555555555,180
6 RIBBONS ELEGANT CHRISTMAS ,1773,2489.0299999999997,1.774009900990099,200
CAKE STAND WHITE TWO TIER LACE,343,2471.39,8.513465346534653,101
ROLL WRAP 50'S RED CHRISTMAS ,1800,2459.2,1.511643192488263,212
VINTAGE BELLS GARLAND,821,2443.35,3.24283870967742,149
S/4 VALENTINE DECOUPAGE HEART BOX,1483,2440.09,2.8517557251908396,131
PEARL CRYSTAL PUMPKIN T-LIGHT HLDR,1462,2429.4999999999995,1.7914999999999999,159
KINGS CHOICE MUG,2055,2429.38,1.8340268456375837,148
AIRLINE BAG VINTAGE JET SET RED,546,2427.52,4.770178571428572,223
STAR WOODEN CHRISTMAS DECORATION,2684,2423.0,1.121936936936937,221
HOME SWEET HOME KEY HOLDER,456,2422.6600000000003,7.10990990990991,111
CHARLIE + LOLA RED HOT WATER BOTTLE,936,2421.59,3.1212451361867704,255
SET OF 6 T-LIGHTS CACTI ,881,2419.29,3.8372477064220183,108
SET OF 6 T-LIGHTS TOADSTOOLS,818,2417.73,3.7699492385786804,195
SET OF 9 BLACK SKULL BALLOONS,2828,2417.24,1.0173127753303963,226
BALLOONS  WRITING SET ,1337,2410.43,2.2488218390804597,346
SHELF WITH 4 HOOKS HOME SWEET HOME,461,2409.34,6.854074074074074,107
MAKE YOUR OWN FLOWERPOWER CARD KIT,930,2408.54,3.649323671497585,206
SET OF 3 WOODEN TREE DECORATIONS,1769,2404.79,1.4839016393442621,293
36 PENCILS TUBE SKULLS,1795,2395.05,1.6181954887218044,263
BLUE SAVANNAH PICNIC HAMPER FOR 2,256,2393.5899999999997,9.261209677419354,124
 OVAL WALL MIRROR DIAMANTE ,236,2391.12,10.774935897435897,156
BOX OF 6 ASSORTED COLOUR TEASPOONS,558,2389.52,4.66047619047619,210
ASSTD DESIGN RACING CAR PEN,1615,2389.44,1.89,113
12 EGG HOUSE PAINTED WOOD,149,2378.52,17.214646464646464,99
BALLOON WATER BOMB PACK OF 35,6010,2375.04,0.4556050955414013,154
12 PENCILS TALL TUBE RED RETROSPOT,2737,2374.81,0.9340072202166064,268
HANGING HEART WITH BELL,4619,2374.7999999999997,0.9162995594713657,219
CLASSIC BICYCLE CLIPS ,1640,2372.68,1.657941176470588,99
BICYCLE SAFTEY WALL ART,458,2371.94,5.782307692307692,39
SET 20 NAPKINS FAIRY CAKES DESIGN ,2741,2368.64,1.000593220338983,350
SET OF 10 LANTERNS FAIRY LIGHT STAR,577,2368.37,4.6737254901960785,99
TEA TIME TEAPOT IN GIFT BOX,380,2360.68,7.21141592920354,113
SKULLS AND CROSSBONES WRAP,5800,2356.0,0.41769696969696973,165
RUSTIC MIRROR WITH LACE HEART,459,2354.87,7.090361445783133,83
HEART MIRROR ANTIQUE WHITE,358,2354.8,7.724415584415584,76
SMALL RED RETROSPOT MUG IN BOX ,948,2354.4,4.214017094017094,116
HEADS AND TAILS SPORTING FUN,1975,2348.94,1.4097641509433962,209
ENAMEL COLANDER CREAM,460,2346.1200000000003,5.719939759036144,166
LE JARDIN BOTANIQUE CUSHION COVER,559,2345.0,4.7814035087719295,166
 50'S CHRISTMAS GIFT BAG LARGE,1915,2343.63,1.4265891472868217,129
BIG DOUGHNUT FRIDGE MAGNETS,1726,2334.94,3.95715,198
WRAP PINK FAIRY CAKES ,5800,2331.0,0.4168862275449102,167
36 PENCILS TUBE WOODLAND,1739,2328.64,1.5118279569892472,185
SET 36 COLOUR PENCILS SPACEBOY ,1705,2304.78,1.5179032258064515,185
RED GINGHAM TEDDY BEAR ,770,2302.94,3.6001775147929,169
HANGING JAM JAR T-LIGHT HOLDERS,2813,2298.0499999999997,1.0443478260869565,92
RIBBON REEL MAKING SNOWMEN ,1222,2297.1,2.3843612334801763,223
ASSORTED COLOUR T-LIGHT HOLDER,3619,2297.03,0.8163636363636364,120
SWEETHEART WIRE WALL TIDY,227,2295.43,10.87275229357798,109
GROW YOUR OWN BASIL IN ENAMEL MUG,1047,2292.9100000000003,2.5595475113122172,219
DECORATIVE WICKER HEART MEDIUM,1794,2286.97,1.3630044843049327,216
DRAWER KNOB CRACKLE GLAZE GREEN,1340,2284.12,1.8390909090909089,154
GARLAND WITH STARS AND BELLS,549,2280.4700000000003,4.661504424778761,112
CACTI T-LIGHT CANDLES,5321,2278.9,0.9854545454545454,143
CHOCOLATE BOX RIBBONS ,1721,2275.61,1.5672727272727272,309
POTTING SHED TWINE,980,2272.79,2.417927927927928,110
BLUE COAT RACK PARIS FASHION,467,2261.21,5.506387096774193,154
CARD BILLBOARD FONT,5290,2256.56,0.5251015801354402,443
POLYESTER FILLER PAD 40x40cm,1556,2256.2,1.45,185
SKETCHBOOK MAGNETIC SHOPPING LIST,1442,2253.7,1.95914979757085,246
VINTAGE BILLBOARD TEA MUG,1949,2250.52,1.7434883720930232,86
SMALL PARISIENNE HEART PHOTO FRAME ,939,2239.2400000000002,2.7882394366197185,142
SWALLOWS GREETING CARD,5527,2237.89,0.4638181818181818,274
HANGING MINI COLOURED BOTTLES,3442,2237.08,2.638026315789473,76
SLATE TILE NATURAL HANGING,1472,2235.9399999999996,1.9492073170731707,162
PACK OF 20 SKULL PAPER NAPKINS,2409,2233.1,1.1530088495575221,335
VINTAGE RED ENAMEL TRIM JUG ,595,2231.61,4.0433088235294115,136
STRAWBERRY RAFFIA FOOD COVER,639,2220.59,3.6676073619631904,163
CHRISTMAS RETROSPOT ANGEL WOOD,2479,2219.83,1.0747029702970297,200
KEY RING BASEBALL BOOT UNION JACK,1821,2217.87,1.4955263157894738,112
PACK OF 12 SUKI TISSUES ,7173,2215.6099999999997,0.4738251366120218,359
CLASSIC FRENCH STYLE BASKET NATURAL,522,2213.42,4.930754716981132,106
BIRDHOUSE GARDEN MARKER ,1537,2210.62,1.7830000000000001,140
TOADSTOOL BEDSIDE LIGHT ,249,2207.5499999999997,8.936792452830188,105
CERAMIC CAKE DESIGN SPOTTED MUG,1451,2206.63,1.7963157894736843,187
LETTER HOLDER HOME SWEET HOME,625,2204.11,4.374,134
HEART WOODEN CHRISTMAS DECORATION,2333,2199.5899999999997,1.113125,222
RED RETROSPOT APRON ,334,2199.52,7.234477611940299,131
"KEY FOB , SHED",3228,2197.17,0.9522252010723861,372
ROCKING HORSE RED CHRISTMAS ,2434,2185.48,1.0800387596899224,254
VINTAGE CHRISTMAS GIFT BAG LARGE ,1831,2182.39,1.460952380952381,105
KNEELING MAT HOUSEWORK  DESIGN,1536,2181.4199999999996,1.8876394849785407,230
KEY CABINET MA CAMPAGNE,206,2176.3199999999997,11.311666666666666,108
KINGS CHOICE BISCUIT TIN,468,2175.04,5.333888888888889,180
PACK OF 6 SANDCASTLE FLAGS ASSORTED,2523,2172.2,1.091578947368421,224
BOTTLE BAG RETROSPOT ,1330,2171.53,2.423816425120773,207
6 CHOCOLATE LOVE HEART T-LIGHTS,1061,2171.26,2.542191780821918,142
3D VINTAGE CHRISTMAS STICKERS ,1645,2162.75,1.5677894736842104,188
ICE CREAM BUBBLES,2668,2161.24,0.8659803921568627,101
WOODLAND  HEIGHT CHART STICKERS ,724,2160.0,3.8703361344537814,119
NOEL WOODEN BLOCK LETTERS ,352,2159.7000000000003,6.868805970149254,133
WRAP RED APPLES ,5253,2158.26,0.41908045977011493,174
TOILET METAL SIGN,3883,2155.8900000000003,0.7287931034482759,405
HERB MARKER BASIL,3423,2153.34,0.8603278688524589,242
PIZZA PLATE IN BOX,592,2153.06,4.238901098901099,179
RETROSPOT CIGAR BOX MATCHES ,2149,2149.07,1.1326008968609864,216
REGENCY CAKE FORK,1715,2145.3,1.593061224489796,98
SET/6 PURPLE BUTTERFLY T-LIGHTS,888,2145.2000000000003,3.1656565656565654,196
CARD HOLDER GINGHAM HEART,684,2141.32,3.5053977272727277,175
DRAWER KNOB CRACKLE GLAZE BLUE,1207,2138.6299999999997,1.9329629629629628,134
STAR WREATH DECORATION WITH BELL,1682,2138.42,1.4865806451612902,152
CHINESE DRAGON PAPER LANTERNS,5556,2136.34,2.2792783505154635,97
CHILDREN'S CIRCUS PARADE MUG,1255,2136.0099999999998,2.033379310344827,144
DRAWER KNOB CRACKLE GLAZE PINK,1266,2132.4999999999995,1.8296078431372549,153
STRAWBERRY CERAMIC TRINKET POT,1369,2131.2200000000003,1.7832539682539683,125
PARTY CONES CANDY ASSORTED,1762,2127.53,1.395921052631579,76
TRAVEL CARD WALLET I LOVE LONDON,4733,2126.55,0.5217213114754098,241
SEWING BOX RETROSPOT DESIGN ,209,2124.54,13.27546511627907,86
POMPOM CURTAIN,424,2124.15,6.083414634146342,82
PACK OF 12 RED RETROSPOT TISSUES ,6685,2121.18,0.40671140939597317,297
CERAMIC CAKE BOWL + HANGING CAKES,714,2117.54,3.6647058823529415,134
WOODEN REGATTA BUNTING,333,2116.04,6.843999999999999,150
RED METAL BEACH SPADE ,1493,2113.39,1.7087826086956521,229
HEART DECORATION WITH PEARLS ,2196,2113.1299999999997,1.1691570881226052,256
PAPER LANTERN 9 POINT DELUXE STAR,349,2111.4900000000002,6.809444444444445,36
WRAP VINTAGE LEAF DESIGN,5251,2109.42,0.4173333333333333,134
TEA FOR ONE POLKADOT,420,2108.18,5.823214285714285,168
WRAP POPPIES  DESIGN,5175,2105.5,0.41861635220125787,158
3D TRADITIONAL CHRISTMAS STICKERS,1583,2095.08,1.5160696517412937,197
TRAVEL CARD WALLET VINTAGE TICKET,4801,2094.93,0.5296385542168675,408
IVORY REFECTORY CLOCK,213,2094.24,10.776511627906977,86
VINTAGE RED ENAMEL TRIM MUG ,1700,2090.75,1.4140336134453781,119
 RED SPOT GIFT BAG LARGE,1713,2089.92,1.3771844660194175,103
SET 12 LAVENDER  BOTANICAL T-LIGHTS,763,2086.69,3.0362337662337664,76
"FANCY FONT BIRTHDAY CARD, ",4922,2085.89,0.509969040247678,323
CHRISTMAS GINGHAM STAR,2263,2085.64,1.12425,198
MAKE YOUR OWN MONSOON CARD KIT,867,2084.8500000000004,3.1233333333333335,172
MINI CAKE STAND  HANGING STRAWBERY,1375,2083.19,2.086160714285714,220
DOG LICENCE WALL ART,408,2081.64,5.745172413793104,29
CERAMIC STRAWBERRY DESIGN MUG,1780,2081.54,1.6124293785310733,173
POPPY'S PLAYHOUSE BATHROOM,954,2080.85,2.4989956331877727,227
IVORY SWEETHEART WIRE LETTER RACK ,554,2080.65,3.9519374999999997,159
VILLAGE SHOW WALL ART,386,2072.42,5.735555555555556,18
WHITE BROCANTE SOAP DISH,706,2070.9,3.319105691056911,121
SOAP DISH BROCANTE,719,2070.73,3.2954545454545454,110
SET 36 COLOURING PENCILS DOILY,1485,2070.35,1.5463758389261746,147
SET 8 CANDLES VINTAGE DOILY,1060,2070.1,2.0720183486238533,107
FILIGREE HEART BUTTERFLY WHITE ,1642,2070.06,1.5737606837606837,117
BAKING MOULD ROSE MILK CHOCOLATE,690,2066.82,3.8047692307692307,65
GLASS  SONGBIRD STORAGE JAR,169,2065.14,13.034794520547944,73
DOLLY GIRL CHILDRENS CUP,1634,2059.03,1.5237244897959183,195
36 FOIL STAR CAKE CASES ,1040,2053.3500000000004,2.3133823529411766,134
MIRROR MOSAIC VOTIVE HOLDER,1438,2053.17,2.2659420289855072,69
ENGLISH ROSE GARDEN SECATEURS,2018,2048.66,1.5555555555555556,212
UNION JACK FLAG PASSPORT COVER ,828,2041.69,2.863763440860215,184
FUNKY WASHING UP GLOVES ASSORTED,971,2041.5200000000002,2.3687192118226603,198
DOORMAT NEIGHBOURHOOD WITCH ,279,2038.39,10.092842105263157,95
KEY RING BASEBALL BOOT ASSORTED ,1626,2038.33,1.3861764705882351,98
IVORY EMBROIDERED QUILT ,54,2038.0900000000001,38.972903225806455,31
T-LIGHT HOLDER HANGING LOVE BIRD,542,2032.77,3.961287128712871,101
BROCANTE COAT RACK,220,2025.96,12.059666666666665,60
METAL SIGN EMPIRE TEA,1549,2020.91,2.34704347826087,228
SET OF 2 CERAMIC CHRISTMAS REINDEER,1447,2018.1399999999999,1.6910112359550562,89
GREEN POLKADOT BOWL,1563,2016.23,1.5633009708737866,205
KEEP CALM WALL ART ,269,2015.97,7.9465,20
WRAP CHRISTMAS VILLAGE,4901,2014.42,0.4184507042253521,142
DOLLY GIRL CHILDRENS BOWL,1622,2013.7,1.5367708333333334,191
OVEN MITT APPLES DESIGN,1350,2013.1,1.8147641509433963,211
WHITE WIRE EGG HOLDER,312,2012.74,7.74987012987013,76
CABIN BAG VINTAGE PAISLEY,99,2010.12,22.510882352941177,34
HOT STUFF HOT WATER BOTTLE,594,2008.38,4.198539325842697,89
SMALL DECO JEWELLERY STAND,243,2005.81,8.972278481012658,79
STAR T-LIGHT HOLDER WILLIE WINKIE,1180,2004.9999999999998,2.0156666666666667,119
RIBBON REEL POLKADOTS ,1206,2003.48,1.9770063694267515,155
STORAGE TIN VINTAGE LEAF,772,2003.1000000000001,2.9224770642201836,104
EASTER TIN BUNNY BOUQUET,1203,2003.07,1.9235,158
GLASS JAR DIGESTIVE BISCUITS,616,2001.32,4.1715757575757575,164
"FEATHER PEN,HOT PINK",3842,2000.06,0.6593305439330543,239
RED STAR CARD HOLDER,848,1997.48,3.0438666666666667,149
COSY HOUR CIGAR BOX MATCHES ,1374,1996.1399999999999,1.2598692810457515,146
YELLOW GIANT GARDEN THERMOMETER,288,1993.75,7.784695652173913,115
OCEAN SCENT CANDLE IN JEWELLED BOX,1028,1993.48,4.176585365853659,82
WOODEN TREE CHRISTMAS SCANDINAVIAN,5167,1988.0199999999998,0.5163896848137536,338
BAKING MOULD TOFFEE CUP CHOCOLATE,878,1985.5800000000002,2.7107042253521123,71
SMALL MARSHMALLOWS PINK BOWL,3748,1982.98,0.679671052631579,447
VINTAGE UNION JACK CUSHION COVER,380,1982.64,5.838846153846154,104
HOT WATER BOTTLE SEX BOMB,450,1982.0500000000002,5.005242718446602,102
FAIRY TALE COTTAGE NIGHT LIGHT,976,1979.34,2.5624137931034485,115
SANDALWOOD FAN,2090,1978.6399999999999,1.2422758620689656,145
CHARLIE+LOLA RED HOT WATER BOTTLE ,431,1976.54,4.596385542168675,165
MINI CAKE STAND WITH HANGING CAKES,1354,1976.09,1.7795212765957447,183
SET 12 RETRO WHITE CHALK STICKS,4599,1973.49,0.5460273972602739,359
WATERING CAN GARDEN MARKER,1364,1967.9,1.7803937007874016,127
BAKING MOULD HEART WHITE CHOCOLATE,813,1963.3,2.8299999999999996,129
RED SPOT PAPER GIFT BAG,2456,1962.83,0.867175572519084,131
FILIGREE HEART BIRD WHITE ,1492,1960.0,1.7907142857142857,125
ZINC T-LIGHT HOLDER STAR LARGE,2060,1956.6799999999998,1.0807142857142857,167
OFFICE MUG WARMER POLKADOT,645,1950.4900000000002,3.6210526315789475,131
JAZZ HEARTS PURSE NOTEBOOK,4425,1944.6299999999999,0.5452577319587628,277
3 TIER SWEETHEART GARDEN SHELF,55,1938.2500000000002,35.67093023255814,43
SET OF 4 NAPKIN CHARMS HEARTS,805,1935.1599999999999,2.7926490066225167,148
METAL SIGN NEIGHBOURHOOD WITCH ,911,1931.8500000000001,2.5650675675675676,147
SET OF 16 VINTAGE SKY BLUE CUTLERY,178,1931.1699999999998,12.521363636363636,66
WRAP DOILEY DESIGN,4703,1927.26,0.41853658536585364,164
LE GRAND TRAY CHIC SET,152,1924.92,12.815443037974683,79
WHITE BELL HONEYCOMB PAPER ,1092,1923.2899999999997,2.4459340659340656,88
FRYING PAN RED RETROSPOT,466,1922.34,5.3020481927710845,166
CAKE STAND VICTORIAN FILIGREE MED,322,1916.01,5.957364341085271,129
SWISS ROLL TOWEL PINK  SPOTS,706,1913.6899999999998,3.641282051282051,39
SET/3 ROSE CANDLE IN JEWELLED BOX,401,1911.8899999999999,5.833716814159293,112
APPLE BATH SPONGE,1336,1911.17,1.8230172413793104,229
HANGING CHICK CREAM DECORATION,1289,1906.02,1.6335245901639344,120
CHRISTMAS GINGHAM TREE,2006,1905.7699999999998,1.1763959390862944,196
KNICKERBOCKERGLORY MAGNET ASSORTED ,2221,1904.77,1.472074074074074,135
VINTAGE JINGLE BELLS HEART,228,1897.76,8.462151898734177,78
WRAP 50'S  CHRISTMAS,4563,1892.46,0.41919999999999996,149
ALUMINIUM STAMPED HEART,779,1892.2300000000002,2.589848484848485,130
VINTAGE BILLBOARD LOVE/HATE MUG,1638,1890.33,1.669396984924623,198
SET OF 3 COLOURED  FLYING DUCKS,394,1888.1000000000001,5.244871794871795,39
RETROSPOT WOODEN HEART DECORATION,2076,1886.28,1.1022619047619047,246
PINK POLKADOT GARDEN PARASOL,228,1885.27,9.890927835051546,97
FELTCRAFT BOY JEAN-PAUL KIT,366,1884.76,5.303149606299213,127
3 RAFFIA RIBBONS 50'S CHRISTMAS ,2095,1884.17,0.8802,199
WHITE JEWELLED HEART DECORATION,2146,1882.1499999999999,1.1002958579881656,162
12 PENCILS TALL TUBE SKULLS,2151,1880.6699999999998,0.957104247104247,256
DAIRY MAID LARGE MILK JUG,370,1879.18,5.459615384615385,155
POSTE FRANCE CUSHION COVER,435,1877.65,4.954210526315789,150
TEA PARTY BIRTHDAY CARD,4368,1873.71,0.5336263736263736,362
MAGIC DRAWING SLATE SPACEBOY ,4496,1871.12,0.5057142857142857,261
LARGE POPCORN HOLDER ,1025,1870.9099999999999,2.2325581395348837,86
VINTAGE GLASS T-LIGHT HOLDER,2237,1870.0299999999997,0.9790131578947369,149
PARLOUR CERAMIC WALL HOOK,450,1869.0000000000002,4.255066666666667,75
LOVE HEART POCKET WARMER,2702,1863.98,1.7202459016393443,120
PACK OF 6 SKULL PAPER PLATES,2321,1862.75,1.0186153846153847,193
EASTER TIN KEEPSAKE,1126,1860.7799999999997,1.9434306569343065,136
SET/3 OCEAN SCENT CANDLE JEWEL BOX,399,1855.37,5.47,114
ENAMEL FIRE BUCKET CREAM,246,1854.76,8.209649122807017,114
I CAN ONLY PLEASE ONE PERSON MUG,1407,1851.46,1.5759393939393938,163
CAKE STAND LOVEBIRD 2 TIER WHITE,231,1849.25,10.015581395348836,86
CHRISTMAS METAL POSTCARD WITH BELLS,3375,1843.64,1.318859649122807,111
SET OF 6 FUNKY BEAKERS,551,1843.6100000000001,4.164846625766871,162
PACK OF 12 50'S CHRISTMAS TISSUES,3997,1840.08,0.46322404371584697,176
GENTLEMAN SHIRT REPAIR KIT ,2166,1837.4699999999998,1.1379411764705882,170
IF YOU CAN'T STAND THE HEAT MUG,1618,1834.3,1.6102586206896552,116
FAIRY CAKE DESIGN UMBRELLA,454,1832.42,5.066865671641791,134
PINK  HEART SHAPE LOVE BUCKET ,1042,1831.6200000000001,3.216341463414634,123
LED TEA LIGHTS,634,1826.76,3.2733333333333334,65
CARD DOLLY GIRL ,4435,1822.2,0.5486261980830671,312
CAKE PLATE LOVEBIRD PINK,441,1821.6100000000001,5.30493670886076,78
RED PAPER PARASOL,644,1819.76,3.3333333333333335,84
CITRONELLA CANDLE FLOWERPOT,786,1817.74,2.5079874213836475,157
FRYING PAN PINK POLKADOT,398,1809.48,5.907163120567375,140
MAGIC DRAWING SLATE PURDEY,4752,1803.95,0.44031847133757956,156
3 ROSE MORRIS BOXED CANDLES,1129,1800.0,2.2984848484848484,158
REGENCY TEA SPOON,1450,1794.48,1.4881578947368421,76
CHOCOLATE CALCULATOR,954,1790.1,2.34964824120603,198
GREEN POLKADOT PLATE ,1075,1787.1999999999998,2.006124031007752,128
REX CASH+CARRY JUMBO SHOPPER,1878,1784.1,0.95,871
BROCANTE SHELF WITH HOOKS,162,1781.82,11.533157894736842,76
LAVENDER SCENTED FABRIC HEART,1341,1778.08,1.9399280575539566,138
BLUE REFECTORY CLOCK ,173,1777.46,11.226951219512195,82
MINIATURE ANTIQUE ROSE HOOK IVORY,2091,1775.5099999999998,0.9144,243
WRAP I LOVE LONDON ,4501,1774.42,0.4163461538461538,104
TEA TIME TABLE CLOTH,187,1769.25,12.030000000000001,33
ROSE 3 WICK MORRIS BOX CANDLE,1138,1769.13,2.5615555555555556,131
BASKET OF TOADSTOOLS,1430,1767.15,1.5737404580152672,130
DOCTOR'S BAG SOFT TOY,184,1765.3999999999999,10.123333333333333,72
TOOL BOX SOFT TOY ,178,1764.6399999999999,10.455428571428572,105
MONSTERS STENCIL CRAFT,1413,1763.3700000000001,1.366824644549763,211
SET OF 4 ENGLISH ROSE COASTERS,1249,1760.8,1.846085409252669,279
MEASURING TAPE BABUSHKA PINK,722,1760.3100000000002,2.3233561643835614,144
OFFICE MUG WARMER CHOC+BLUE,570,1759.1200000000001,3.962148148148148,133
DOG BOWL VINTAGE CREAM,390,1757.8799999999999,4.6368,125
SET 36 COLOUR PENCILS DOLLY GIRL,1389,1750.29,1.6135761589403974,147
SET OF 12 T-LIGHTS VINTAGE DOILY,929,1747.51,1.9891780821917808,73
GARLAND WITH HEARTS AND BELLS,393,1746.27,5.1794,100
HOME SWEET HOME HANGING HEART,1914,1745.55,1.1070085470085471,225
STRAWBERRY BATH SPONGE ,1232,1745.43,1.7937554585152837,228
RETROSPOT SMALL TUBE MATCHES,1059,1743.35,1.6487012987012986,146
12 PENCILS TALL TUBE WOODLAND,1974,1740.57,0.96316,249
SILVER STARS TABLE DECORATION,2031,1739.6299999999999,0.9744859813084111,213
PETIT TRAY CHIC,1033,1736.6899999999998,2.027808219178082,146
SET OF 16 VINTAGE RED CUTLERY,160,1736.35,12.856379310344828,58
PEACE WOODEN BLOCK LETTERS,345,1734.8700000000001,6.319629629629629,106
BULL DOG BOTTLE TOP WALL CLOCK,201,1733.57,9.421463414634145,82
PARTY CHARMS 50 PIECES,2251,1726.09,1.0386029411764706,133
DINOSAURS  WRITING SET ,941,1723.6899999999998,2.1594791666666664,287
SET OF 16 VINTAGE BLACK CUTLERY,140,1722.74,14.076199999999998,50
KINGS CHOICE GIANT TUBE MATCHES,743,1721.85,2.5029850746268654,67
DAIRY MAID STRIPE MUG,1906,1720.3000000000002,1.101219512195122,82
WHEELBARROW FOR CHILDREN ,125,1720.26,14.447468354430379,79
SET OF 12  VINTAGE POSTCARD SET,2180,1718.5400000000002,1.3232167832167832,143
MINI JIGSAW SPACEBOY,4518,1714.9199999999998,0.5311363636363636,175
S/4 PINK FLOWER CANDLES IN BOWL,920,1712.6,2.1776842105263157,185
HANGING HEART MIRROR DECORATION ,2341,1708.0700000000002,0.8917940199335549,289
BAKING MOULD EASTER EGG WHITE CHOC,589,1707.47,3.2253846153846157,78
GEORGIAN TRINKET BOX,143,1706.5,12.411475409836067,61
SET 12 KIDS  WHITE CHALK STICKS,4151,1701.93,0.49755555555555553,225
MULTICOLOUR SPRING FLOWER MUG,2544,1695.86,2.6641176470588235,135
ROBOT BIRTHDAY CARD,3929,1695.32,0.5297183098591549,354
FRENCH TOILET SIGN BLUE METAL,1346,1692.72,1.5178421052631579,187
CARD MOTORBIKE SANTA,3987,1691.76,0.4599253731343283,266
AFGHAN SLIPPER SOCK PAIR,519,1690.5500000000002,3.4272727272727277,22
SKULLS  WATER TRANSFER TATTOOS ,1972,1687.6799999999998,1.1164,174
WRAP SUKI AND FRIENDS,4075,1687.5,0.41955223880597015,134
SKULL AND CROSSBONES  GARLAND ,1067,1684.85,1.6689473684210525,132
SET 12 COLOUR PENCILS DOLLY GIRL ,2379,1679.5500000000002,0.784322033898305,232
SKULLS PARTY BAG + STICKER SET,1032,1677.9999999999998,1.798724832214765,148
RED COAT RACK PARIS FASHION,352,1673.15,5.552053571428572,112
LIPSTICK PEN RED,3338,1673.1,0.6032490974729242,272
JINGLE BELL HEART ANTIQUE GOLD,777,1670.0800000000002,2.395631067961165,102
HEART DECORATION PAINTED ZINC ,2380,1668.89,0.9153478260869565,225
BLUE POLKADOT GARDEN PARASOL,200,1668.49,9.208988764044944,89
6 RIBBONS EMPIRE  ,1259,1667.8799999999999,1.611858407079646,225
SAVE THE PLANET COTTON TOTE BAG,720,1664.8999999999999,2.7186285714285714,175
PINK HANGING HEART T-LIGHT HOLDER,880,1664.16,3.3044736842105267,76
DAISY GARDEN MARKER,1139,1658.57,1.7758163265306122,98
WOODLAND DESIGN  COTTON TOTE BAG,746,1657.76,2.5840944881889762,127
SUNSET CHECK HAMMOCK,192,1657.42,10.798870967741935,62
T-LIGHT HOLDER SWEETHEART HANGING,844,1657.02,2.159928057553957,138
CAT BOWL VINTAGE CREAM,472,1655.96,3.6286206896551727,116
CHARLIE + LOLA BISCUITS TINS,553,1653.97,5.551864406779661,118
PACK OF 12 WOODLAND TISSUES ,5468,1651.3,0.48146520146520144,271
PLAYING CARDS I LOVE LONDON ,1200,1651.29,1.3546153846153848,115
"SWISS ROLL TOWEL, CHOCOLATE  SPOTS",900,1651.02,2.9389473684210525,94
SILVER RECORD COVER FRAME,365,1649.6399999999999,6.041219512195122,41
HEART T-LIGHT HOLDER WILLIE WINKIE,969,1649.0499999999997,1.8786725663716815,112
SET OF 2 CERAMIC PAINTED HEARTS ,1174,1646.32,1.501171875,125
HEART DECORATION RUSTIC HANGING ,5083,1645.75,0.5981792717086835,340
3 WHITE CHOC MORRIS BOXED CANDLES,946,1637.07,2.765934959349593,121
ANGEL DECORATION 3 BUTTONS ,3745,1636.67,0.5443373493975904,162
HANGING  BUTTERFLY T-LIGHT HOLDER,1328,1636.36,2.409054054054054,73
SPACEBOY TV DINNER TRAY,303,1636.27,6.867651515151515,132
SET 12 COLOURING PENCILS DOILY,2200,1636.1000000000001,0.8190721649484536,191
CHILDRENS TOY COOKING UTENSIL SET,746,1633.81,2.5796470588235296,168
FOLKART STAR CHRISTMAS DECORATIONS,3581,1633.6699999999998,0.588358208955224,131
AIRLINE BAG VINTAGE JET SET BROWN,346,1626.54,5.227005988023952,167
SPACEBOY CHILDRENS EGG CUP,1204,1624.63,1.544627659574468,186
 I LOVE LONDON MINI BACKPACK,388,1624.02,4.616666666666667,86
SWEETHEART WIRE FRUIT BOWL,207,1623.08,8.717191011235956,89
TV DINNER TRAY VINTAGE PAISLEY,503,1623.04,5.063124999999999,112
FAIRY CAKE BIRTHDAY CANDLE SET,440,1622.24,4.016630434782608,92
FOLDING UMBRELLA RED/WHITE POLKADOT,346,1616.81,4.997333333333334,120
PENCIL CASE LIFE IS BEAUTIFUL,534,1615.91,3.5214074074074078,130
WALL MIRROR RECTANGLE DIAMANTE PINK,207,1614.4,12.049080459770115,87
LAUREL HEART ANTIQUE SILVER,1309,1613.82,1.5415151515151517,97
STRAWBERRY HONEYCOMB  GARLAND ,1290,1610.9199999999998,1.9194594594594594,109
FRENCH LAUNDRY SIGN BLUE METAL,962,1608.6999999999998,2.1616666666666666,144
LADS ONLY TISSUE BOX,1643,1605.96,1.1489333333333334,143
COFFEE MUG PINK PAISLEY DESIGN,693,1604.58,3.0107843137254897,51
HANGING CHICK  YELLOW DECORATION,1136,1604.51,1.5945689655172415,112
RED POLKADOT BEAKER ,3865,1603.77,0.6057251908396946,131
RED VINTAGE SPOT BEAKER,1879,1603.3899999999999,1.03395,198
METAL DECORATION NAUGHTY CHILDREN ,1599,1603.29,1.6767605633802816,136
HEN HOUSE DECORATION,927,1597.0699999999997,2.036212121212121,131
FILIGREE HEART DAISY WHITE,1247,1596.67,1.5736363636363635,98
ROUND STORAGE TIN VINTAGE LEAF,864,1593.58,2.1018446601941747,103
WHITE TALL PORCELAIN T-LIGHT HOLDER,695,1591.01,3.114782608695652,69
SKULL DESIGN TV DINNER TRAY,313,1590.82,5.9325179856115104,138
MAGNETS PACK OF 4 SWALLOWS,2575,1589.12,0.7711111111111111,248
VINTAGE UNION JACK PENNANT,794,1584.8,2.2763999999999998,99
SILK PURSE BABUSHKA PINK,491,1583.95,3.25,143
POLYESTER FILLER PAD 45x45cm,1021,1582.55,1.55,137
PACK OF 12 SKULL TISSUES,5271,1582.1499999999999,0.44693617021276594,232
SET 36 COLOUR PENCILS LOVE LONDON,1105,1581.06,1.4970542635658914,126
FRENCH BLUE METAL DOOR SIGN 1,1155,1578.39,1.6345500000000002,199
COWBOYS AND INDIANS BIRTHDAY CARD ,3741,1572.28,0.5317883211678832,274
EMERGENCY FIRST AID TIN ,1088,1572.27,1.9077551020408163,245
WOOD STAMP SET THANK YOU,1509,1571.4899999999998,1.277937062937063,280
BALLOON PUMP WITH 10 BALLOONS,793,1570.41,2.126451612903226,124
PACK OF 6 HANDBAG GIFT BOXES,573,1570.3999999999999,3.28875,111
CREAM FELT EASTER EGG BASKET,974,1568.9299999999998,1.7577391304347825,114
ROCOCO WALL MIRROR WHITE,78,1567.1399999999999,20.713555555555555,45
PAPER CHAIN KIT SKULLS ,548,1566.99,3.175714285714286,97
VINTAGE SEASIDE JIGSAW PUZZLES,398,1565.83,4.369256756756757,148
CHERRY BLOSSOM  DECORATIVE FLASK,377,1565.71,4.856771653543307,126
OFFICE MUG WARMER PINK,565,1564.8300000000002,3.51179104477612,65
SNOWFLAKE PORTABLE TABLE LIGHT ,529,1557.65,3.042093023255814,127
DAIRY MAID TRADITIONAL TEAPOT ,215,1557.57,7.704774774774775,111
FRENCH KITCHEN SIGN BLUE METAL,1240,1555.16,1.5539156626506023,164
CARD CHRISTMAS VILLAGE,3633,1550.4,0.46090163934426226,244
RED RETROSPOT PURSE ,461,1546.2700000000002,4.068333333333333,156
PANTRY PASTRY BRUSH,1154,1543.77,1.6372169811320754,212
CHRISTMAS RETROSPOT STAR WOOD,1698,1543.2299999999998,1.070969387755102,193
FIVE HEART HANGING DECORATION,462,1541.6200000000001,3.984685314685315,142
POTTING SHED ROSE CANDLE,493,1541.11,2.6156,25
HEART CALCULATOR,1179,1540.59,1.6459558823529412,131
SMALL HEART FLOWERS HOOK ,1761,1540.4499999999998,1.1178612716763006,172
BLUE OWL SOFT TOY,512,1536.88,3.312735042735043,115
3D CHRISTMAS STAMPS STICKERS ,1172,1536.24,1.5102083333333334,143
SET OF 4 SANTA PLACE SETTINGS,1202,1531.95,1.4116216216216215,108
MULTICOLOUR HONEYCOMB PAPER GARLAND,1119,1531.1399999999999,1.9658666666666667,75
REGENCY MIRROR WITH SHUTTERS,10,1530.0,156.42857142857142,7
TV DINNER TRAY DOLLY GIRL,320,1527.01,6.182429906542056,107
ANT WHITE WIRE HEART SPIRAL,339,1519.63,5.688076923076922,104
ROMANTIC PINKS RIBBONS ,1216,1518.15,1.360086956521739,225
MAGIC DRAWING SLATE DOLLY GIRL ,3628,1516.46,0.5002978723404256,233
MIRROR CORNICE,94,1515.68,16.29064516129032,62
EUCALYPTUS & PINECONE  WREATH,378,1511.2600000000002,5.135454545454546,77
CARDHOLDER GINGHAM CHRISTMAS TREE,413,1509.41,4.486511627906976,86
LOVE LARGE WOOD LETTERS ,106,1505.96,15.432028985507246,69
CALENDAR IN SEASON DESIGN,581,1502.2900000000002,2.78990990990991,110
TV DINNER TRAY AIR HOSTESS ,419,1502.02,5.730857142857143,105
DISCO BALL CHRISTMAS DECORATION,12883,1501.4,0.16444954128440367,215
VINTAGE RED TRIM ENAMEL BOWL ,1155,1501.03,1.4721296296296298,108
CLASSIC FRENCH STYLE BASKET GREEN ,344,1497.72,5.041052631578947,76
FOLDING BUTTERFLY MIRROR HOT PINK ,1867,1495.24,1.0685620915032679,152
IVORY WICKER HEART SMALL,2271,1491.75,0.7883823529411764,130
POLKADOT COFFEE CUP & SAUCER PINK,1570,1489.01,1.5553636363636365,109
HANGING FAIRY CAKE DECORATION,820,1484.3,2.546081081081081,72
SKULLS WRITING SET ,864,1484.1299999999999,1.9820703124999999,252
CHRISTMAS TABLE SILVER CANDLE SPIKE,1715,1483.61,1.055904761904762,103
MILK PAN RED RETROSPOT,403,1483.13,4.484551724137931,145
MOUSE TOY WITH PINK T-SHIRT,389,1482.43,3.863053892215569,165
WOODLAND BUNNIES LOLLY MAKERS,649,1482.41,2.8688709677419357,124
12 IVORY ROSE PEG PLACE SETTINGS,969,1478.1,1.7138926174496645,148
4 VANILLA BOTANICAL CANDLES,974,1476.4,1.9874545454545456,164
SPACEBOY ROCKET LOLLY MAKERS,662,1475.03,2.7042982456140354,113
FAUX FUR CHOCOLATE THROW,87,1474.74,18.740408163265304,49
TOY TIDY DOLLY GIRL DESIGN,713,1472.85,2.869320987654321,162
FLOWER VINE RAFFIA FOOD COVER,381,1470.32,4.109357142857142,140
SET 12 COLOUR PENCILS LOVE LONDON,1857,1463.0800000000002,0.7943930635838151,169
BAG 500g SWIRLY MARBLES,1459,1462.1699999999998,1.8397902097902097,141
DANISH ROSE PHOTO FRAME,1423,1460.81,1.3489898989898987,99
DINOSAUR KEYRINGS ASSORTED,6765,1460.74,0.26303370786516855,177
CARD HOLDER LOVE BIRD LARGE ,232,1460.5,6.810714285714286,84
GLAMOROUS  MUG,1292,1454.98,1.6714685314685316,142
RED ENCHANTED FOREST PLACEMAT,678,1454.8799999999999,2.361946902654867,110
SAVOY ART DECO CLOCK,239,1453.5800000000002,10.390188679245282,53
WICKER WREATH LARGE,729,1452.55,2.3487179487179484,151
CHARLIE LOLA BLUE HOT WATER BOTTLE ,304,1452.3500000000001,4.687123287671233,143
LARGE WHITE HONEYCOMB PAPER BELL  ,562,1451.82,3.066421052631579,95
DRAWER KNOB CERAMIC BLACK,979,1448.6699999999998,1.6273333333333335,88
APRON APPLE DELIGHT,285,1446.79,5.82925,80
ZINC  STAR T-LIGHT HOLDER ,1217,1441.43,1.5256521739130435,46
PINK PAPER PARASOL ,458,1439.0200000000002,3.6700000000000004,102
CARD I LOVE LONDON ,3441,1437.36,0.5413761467889908,217
FRENCH ENAMEL POT W LID,587,1430.63,3.4877586206896556,115
ICE CREAM DESIGN GARDEN PARASOL,240,1429.82,9.33361111111111,72
SET OF 4 ROSE BOTANICAL CANDLES,881,1429.49,2.0507185628742515,165
FRIDGE MAGNETS US DINER ASSORTED,1587,1422.8999999999999,1.7672549019607842,102
CAST IRON HOOK GARDEN FORK,523,1421.83,3.5356521739130433,23
BROWN CHECK CAT DOORSTOP ,290,1421.11,5.448623188405797,138
BEADED CHANDELIER T-LIGHT HOLDER,695,1420.97,4.771578947368421,38
ENGLISH ROSE NOTEBOOK A7 SIZE,3152,1420.96,0.540458452722063,345
CAKE STAND VICTORIAN FILIGREE SMALL,372,1420.58,4.323770491803279,122
HANGING HEN ON NEST DECORATION,828,1418.82,2.0156410256410253,114
SILVER MUG BONE CHINA TREE OF LIFE,1162,1415.8500000000001,1.845840707964602,111
CARD BIRTHDAY COWBOY,3487,1415.73,0.5433333333333333,225
SWALLOW WOODEN CHRISTMAS DECORATION,1538,1414.4599999999998,1.0933333333333333,173
MAGIC DRAWING SLATE CIRCUS PARADE  ,3382,1412.41,0.48830845771144277,200
"AIRLINE LOUNGE,METAL SIGN",711,1408.07,2.007216494845361,291
"FEATHER PEN,COAL BLACK",2688,1406.56,0.7219886363636363,175
ASSORTED BOTTLE TOP  MAGNETS ,3152,1406.42,1.1675135135135135,184
VINTAGE RED ENAMEL TRIM PLATE,830,1406.2999999999997,1.891,80
HOME SMALL WOOD LETTERS,243,1403.94,6.5088372093023255,125
PACK OF 6 LARGE FRUIT STRAWS ,2282,1401.7,0.7791390728476821,151
WOODLAND STORAGE BOX LARGE ,346,1401.02,5.450571428571429,70
12 COLOURED PARTY BALLOONS,2134,1398.51,0.7042771084337349,163
IVORY CHANDELIER T-LIGHT HOLDER,657,1395.18,5.62125,38
SET OF 4 DIAMOND NAPKIN RINGS,166,1393.79,10.532105263157895,38
GROW YOUR OWN HERBS SET OF 3,164,1391.74,8.745333333333333,90
GIN & TONIC DIET GREETING CARD ,3299,1389.22,0.510609756097561,246
FRENCH BLUE METAL DOOR SIGN 2,1001,1389.07,1.7276190476190476,188
CIRCUS PARADE CHILDRENS EGG CUP ,1066,1389.01,1.5139583333333333,143
RED RETROSPOT PUDDING BOWL,332,1387.96,4.504426229508196,61
ROSE SCENT CANDLE IN JEWELLED BOX,330,1387.94,4.856666666666667,65
PIG KEYRING WITH LIGHT & SOUND ,1379,1386.97,1.7235,80
PACK OF 12 VINTAGE CHRISTMAS TISSUE,3039,1384.9099999999999,0.5079245283018868,155
SMALL WHITE RETROSPOT MUG IN BOX ,729,1384.3,3.8707954545454544,86
SET/10 IVORY POLKADOT PARTY CANDLES,1143,1380.84,1.185923566878981,154
GLASS JAR MARMALADE ,480,1380.8,3.7919277108433738,81
IVORY CAFE HANGING LAMP ,116,1380.42,12.867111111111111,45
VINTAGE BILLBOARD DRINK ME MUG,991,1380.28,1.71072625698324,177
RIBBON REEL SOCKS AND MITTENS,741,1379.21,2.5397857142857143,136
ZINC BOX SIGN HOME,141,1378.75,10.073749999999999,64
SET/4 SPRING FLOWER DECORATION,1143,1376.53,2.0197674418604654,128
EMPIRE GIFT WRAP,3375,1373.5,0.41792452830188676,106
WALL ART VILLAGE SHOW ,240,1369.71,7.079253731343283,67
GLITTER HEART GARLAND WITH BELLS ,329,1368.47,5.040869565217391,90
TRAVEL CARD WALLET TRANSPORT,3169,1368.28,0.5197132616487455,278
PENS ASSORTED SPACEBALL,5874,1368.1,0.41865384615384615,155
CERAMIC BOWL WITH STRAWBERRY DESIGN,583,1367.45,3.6615447154471545,120
WRAP PAISLEY PARK ,3250,1365.0,0.42,120
REINDEER HEART DECORATION SILVER,1536,1363.04,1.0762416107382549,145
CARD CIRCUS PARADE,3201,1360.91,0.5248611111111111,288
SET OF 6 3D KIT CARDS FOR KIDS,1477,1359.3999999999999,1.1168558951965064,223
PAPER CHAIN KIT LONDON,463,1358.0900000000001,3.2443157894736845,94
SET OF 3 BABUSHKA STACKING TINS,274,1356.3,4.950000000000001,13
CARD HOLDER LOVE BIRD SMALL,332,1355.24,4.643611111111111,72
RED RETROSPOT SHOPPING BAG,523,1353.6899999999998,3.0876666666666663,90
COFFEE MUG BLUE PAISLEY DESIGN,761,1352.88,3.118360655737705,61
MEDINA STAMPED METAL STOOL,35,1351.64,39.8695,20
SMALL RED BABUSHKA NOTEBOOK ,1951,1350.4699999999998,1.0024253731343282,266
4 LAVENDER BOTANICAL DINNER CANDLES,891,1347.92,2.023623188405797,135
36 DOILIES DOLLY GIRL,911,1347.8899999999999,1.7153333333333334,90
LIPSTICK PEN FUSCHIA,2597,1347.1,0.6121395348837209,213
MAGNETS PACK OF 4 CHILDHOOD MEMORY,1152,1347.08,1.326734693877551,98
PACK OF 6 SKULL PAPER CUPS,2113,1346.65,0.7704545454545454,171
YELLOW COAT RACK PARIS FASHION,287,1342.39,5.285841584158416,100
HERB MARKER ROSEMARY,1937,1340.22,0.8511618257261411,240
JUNGLE POPSICLES ICE LOLLY MOULDS,960,1338.8700000000001,1.6098064516129034,153
RED RETROSPOT BIG BOWL,286,1336.78,4.550833333333333,96
RED RETROSPOT STORAGE JAR,334,1336.14,4.978169014084507,69
HANGING CHICK GREEN DECORATION,903,1335.87,1.7224,122
VINTAGE UNION JACK DOORSTOP,216,1331.5600000000002,6.6444329896907215,95
WALL ART VINTAGE HEART,331,1329.54,5.7790625,32
GLASS JAR PEACOCK BATH SALTS,408,1329.44,4.104586466165413,133
WRAP VINTAGE PETALS  DESIGN,3275,1327.5,0.4176923076923077,104
PAPER LANTERN 9 POINT SNOW STAR ,241,1325.03,6.332564102564103,37
MAKE YOUR OWN PLAYTIME CARD KIT,639,1323.5700000000002,3.0383168316831686,101
CHARLIE & LOLA WASTEPAPER BIN FLORA,996,1323.37,1.8833613445378152,118
CERAMIC PIRATE CHEST MONEY BANK,851,1320.6999999999998,1.9219580419580418,143
HERB MARKER THYME,1905,1314.21,0.8502066115702479,237
NO JUNK MAIL METAL SIGN,1940,1313.79,1.1986764705882353,266
VINTAGE CHRISTMAS PAPER GIFT BAG,1608,1313.3899999999999,0.9070999999999999,100
CERAMIC CAKE DESIGN SPOTTED PLATE,820,1313.28,2.1011304347826085,115
HOME SWEET HOME 2 DRAWER CABINET,252,1311.48,5.985492957746479,70
DIAMANTE RING ASSORTED IN BOX.,1008,1311.3600000000001,1.3472727272727274,22
PINK  HONEYCOMB PAPER BALL ,693,1308.56,2.8253086419753086,80
FRENCH BLUE METAL DOOR SIGN No,993,1308.38,1.8928481012658227,158
PENNY FARTHING BIRTHDAY CARD,3042,1304.1399999999999,0.5452091254752851,262
SMALL HANGING IVORY/RED WOOD BIRD,2660,1302.31,0.5927611940298507,261
ELEPHANT CARNIVAL POUFFE,63,1299.83,21.961489361702128,47
CLASSIC FRENCH STYLE BASKET BROWN,304,1296.6100000000001,4.584533333333334,74
IVORY KNITTED MUG COSY ,668,1296.23,2.583693693693694,109
PORCELAIN ROSE SMALL,1607,1295.0,1.104285714285714,63
6 ROCKET BALLOONS ,1898,1293.22,0.7724875621890548,197
UNION JACK FLAG LUGGAGE TAG,747,1292.38,1.9597938144329896,193
AIRLINE BAG VINTAGE WORLD CHAMPION ,279,1289.49,5.0018918918918915,147
4 PEAR BOTANICAL DINNER CANDLES,822,1288.34,1.964507042253521,138
MAGIC SHEEP WOOL GROWING FROM PAPER,1265,1283.99,1.2425862068965516,115
SPOTTY PINK DUCK DOORSTOP,285,1282.81,5.934786324786325,117
BOOM BOX SPEAKER BOYS,296,1281.2,4.858349514563107,101
"KEY FOB , BACK DOOR ",1828,1277.89,0.8934285714285715,308
HERB MARKER PARSLEY,1869,1275.3500000000001,0.8506224066390041,238
SET/6 COLLAGE PAPER PLATES,2413,1274.1899999999998,0.638211009174312,217
HANGING PHOTO CLIP ROPE LADDER,746,1274.1699999999998,2.4241860465116276,86
MARIE ANTOINETTE TRINKET BOX SILVER,334,1273.76,13.725333333333333,30
FRENCH ENAMEL WATER BASIN,411,1273.11,4.116821705426357,128
SET OF 72 SKULL PAPER  DOILIES,883,1270.07,1.7360576923076922,103
POTTING SHED CANDLE CITRONELLA,405,1268.1899999999998,3.85,3
BLACK ENCHANTED FOREST PLACEMAT,698,1266.91,2.313521126760563,71
"KEY FOB , FRONT  DOOR ",1962,1262.3700000000001,0.8843661971830986,210
VINTAGE EMBOSSED HEART,955,1257.68,1.5479646017699114,113
ASS FLORAL PRINT MULTI SCREWDRIVER,2734,1254.1200000000001,0.5077976190476191,163
SET OF 4 KNICK KNACK TINS LEAVES ,306,1253.7800000000002,4.204444444444444,54
DOLLY GIRL CHILDRENS EGG CUP,950,1252.61,1.4786029411764705,135
EMBROIDERED RIBBON REEL EMILY ,571,1252.01,2.3309090909090906,98
ROCKING HORSE GREEN CHRISTMAS ,1380,1244.6699999999998,1.0617032967032967,179
GROW YOUR OWN FLOWERS SET OF 3,296,1241.3,6.787179487179487,78
6 RIBBONS SHIMMERING PINKS ,1402,1239.6699999999998,1.40095,199
WHITE HANGING BEADS CANDLE HOLDER,238,1239.5,5.3999999999999995,47
GIN AND TONIC DIET METAL SIGN,498,1237.5,3.1483999999999996,50
HANGING ENGRAVED METAL HEART,294,1236.66,4.351951219512196,78
CHRISTMAS RETROSPOT TREE WOOD,1387,1235.3799999999999,1.078125,171
STAR DECORATION PAINTED ZINC ,4679,1233.91,0.44655913978494627,180
WHITE GOOSE FEATHER CHRISTMAS TREE ,332,1233.21,4.546025641025642,78
SET OF 2 CHRISTMAS DECOUPAGE CANDLE,1212,1232.27,1.2376687116564418,161
SINGLE WIRE HOOK IVORY HEART,879,1231.51,1.5985714285714285,82
CHARLIE AND LOLA TABLE TINS,538,1230.78,4.0373809523809525,84
PACK OF 20 SPACEBOY NAPKINS,1538,1222.61,1.0078231292517008,145
HERB MARKER MINT,1753,1221.8600000000001,0.8413168724279835,240
IVORY WIRE KITCHEN ORGANISER,121,1220.8200000000002,11.11675,40
200 RED + WHITE BENDY STRAWS,916,1218.93,1.4587861271676301,172
KITCHEN METAL SIGN,2058,1217.8500000000001,0.7530944625407167,305
FANNY'S REST STOPMETAL SIGN,508,1217.73,2.8935664335664337,141
METAL MERRY CHRISTMAS WREATH,636,1216.22,2.208021978021978,90
PAPER BUNTING VINTAGE PARTY,427,1215.53,3.2351063829787234,47
CARDHOLDER GINGHAM STAR,379,1212.82,3.6482716049382713,79
PINK DIAMANTE PEN IN GIFT BOX,424,1206.97,4.093398058252427,103
4 IVORY DINNER CANDLES SILVER FLOCK,538,1205.64,2.5973381294964026,136
ORGANISER WOOD ANTIQUE WHITE ,143,1205.3,8.488815789473684,76
WRAP CIRCUS PARADE,2902,1202.84,0.4192233009708738,103
Next Day Carriage,79,1200.0,15.189873417721518,79
SCHOOL DESK AND CHAIR ,19,1199.75,63.91538461538461,13
DRAWER KNOB VINTAGE GLASS STAR,556,1198.96,2.3271875,62
PACK OF 12 PINK POLKADOT TISSUES,4067,1197.73,0.4273298429319371,189
MARIE ANTOINETTE TRINKET BOX GOLD,314,1192.6,10.428947368421053,18
"KEY FOB , GARAGE DESIGN",1902,1192.16,0.8493984962406015,131
SMALL PURPLE BABUSHKA NOTEBOOK ,1687,1187.96,0.9793280632411067,251
MEASURING TAPE BABUSHKA BLUE,442,1185.79,2.7555696202531643,78
VINTAGE BILLBOARD MUG ,1106,1184.98,1.6324074074074075,107
PINK FAIRY CAKE CUSHION COVER,285,1182.99,4.651648351648352,89
HERB MARKER CHIVES ,1716,1180.8700000000001,0.8432380952380953,209
WALL ART LOVES' SECRET ,239,1180.35,6.626250000000001,39
MUSICAL ZINC HEART DECORATION ,2763,1179.59,0.6557777777777777,176
RIBBON REEL FLORA + FAUNA ,644,1176.5,2.313525179856115,138
CHERUB HEART DECORATION SILVER ,1355,1176.1699999999998,1.0939772727272727,88
S/4 IVORY MINI ROSE CANDLE IN BOWL,806,1174.6299999999999,1.6247398843930634,172
NATURAL HANGING QUILTED HEARTS ,1449,1171.23,1.363918918918919,72
LARGE RED BABUSHKA NOTEBOOK ,1096,1167.74,1.5376073619631903,163
LARGE ROUND WICKER PLATTER ,194,1167.58,6.092795698924731,91
12 PENCILS TALL TUBE POSY,3785,1166.07,0.38602272727272724,170
LAVENDER TOILETTE BOTTLE,557,1166.0,2.562025316455696,79
ORANGE TV TRAY TABLE ,504,1165.9099999999999,3.9976744186046513,43
EMBROIDERED RIBBON REEL DAISY ,579,1164.98,2.3925,71
MINI PLAYING CARDS DOLLY GIRL ,2627,1163.45,0.4665625,120
TRIANGULAR POUFFE VINTAGE ,63,1161.65,21.74878787878788,33
DINOSAUR PARTY BAG + STICKER SET,707,1160.7099999999998,1.7907843137254902,101
BOOM BOX SPEAKER GIRLS,562,1160.58,4.37054347826087,90
WRAP DOLLY GIRL,2800,1160.0,0.4192,100
LARGE PINK GLASS SUNDAE DISH,1013,1157.8,1.610731707317073,81
FRENCH BLUE METAL DOOR SIGN 5,842,1157.79,1.6518709677419356,153
EGG CUP MILKMAID HEIDI,881,1156.93,1.769759036144578,83
MINI PLAYING CARDS BUFFALO BILL ,2882,1155.67,0.4734645669291338,119
FRIDGE MAGNETS LA VIE EN ROSE,1295,1154.6,1.3801149425287356,87
DECORATIVE ROSE BATHROOM BOTTLE,1170,1154.17,1.7692073170731706,163
SET OF 2 CERAMIC CHRISTMAS TREES,779,1152.98,1.7109473684210526,94
DECORATIVE CATS BATHROOM BOTTLE,1095,1152.4,1.9209625668449197,186
FRENCH BLUE METAL DOOR SIGN 3,843,1151.56,1.671125,160
BIRDS MOBILE VINTAGE DESIGN,189,1147.27,6.261232876712329,73
PORCELAIN T-LIGHT HOLDERS ASSORTED,822,1146.52,1.7798039215686274,101
MOBILE VINTAGE HEARTS ,249,1146.3500000000001,5.08505376344086,93
SET/4 RED MINI ROSE CANDLE IN BOWL,744,1142.4299999999998,1.8798952879581152,191
CUT GLASS HEXAGON T-LIGHT HOLDER,649,1142.31,2.261,20
SET OF 2 TINS VINTAGE BATHROOM ,224,1140.9,5.889399999999999,100
APRON MODERN VINTAGE COTTON,492,1139.86,2.9795555555555553,90
SET OF 6 HEART CHOPSTICKS,811,1139.65,1.6988535031847132,152
PAPER LANTERN 9 POINT SNOW STAR,258,1139.5800000000002,4.750769230769231,52
BLUE POLKADOT BEAKER ,2838,1139.06,0.5415555555555556,90
WOOD STOCKING CHRISTMAS SCANDISPOT,1569,1137.28,0.8756043956043955,177
SET OF 36 DOILIES SPACEBOY DESIGN ,817,1135.3999999999999,1.5816176470588235,68
PIN CUSHION BABUSHKA PINK,439,1135.18,2.8105882352941176,133
RED RETROSPOT TISSUE BOX,2166,1135.0,1.066600985221675,200
"WHITE TEA,COFFEE,SUGAR JARS",622,1134.5,2.090677966101695,59
STAR DECORATION RUSTIC,2452,1133.61,0.5784563758389262,142
AIRLINE BAG VINTAGE JET SET WHITE,252,1133.2,4.723548387096774,122
GREEN ROSE WASHBAG,323,1132.85,3.4332098765432097,160
FRIDGE MAGNETS LES ENFANTS ASSORTED,1360,1130.77,0.9959999999999999,80
CANDY SPOT CUSHION COVER,339,1129.99,3.48024,125
MINI JIGSAW DOLLY GIRL,2918,1129.32,0.56,136
MINI PLAYING CARDS SPACEBOY ,2723,1129.1200000000001,0.46264900662251657,146
WOOD STAMP SET FLOWERS,1008,1122.3899999999999,1.2908457711442785,196
SET OF 6 KASHMIR FOLKART BAUBLES,710,1120.26,2.0566666666666666,83
CARD PSYCHEDELIC APPLES,2628,1118.84,0.4901492537313432,268
MINI PLAYING CARDS GYMKHANA,2521,1118.8,0.4972,120
 TRELLIS COAT RACK,227,1118.6100000000001,5.844035087719298,56
CHRISTMAS HANGING TREE WITH BELL,1964,1117.92,0.9476859504132231,117
RED FLOWER CROCHET FOOD COVER,304,1116.89,3.8950892857142856,112
TEA TIME DES TEA COSY,388,1116.72,3.303,110
CARD SUKI BIRTHDAY,2639,1114.81,0.48220689655172416,290
PENS ASSORTED FUNKY JEWELED ,5211,1114.6399999999999,0.33034722222222224,144
EMBROIDERED RIBBON REEL SUSIE ,566,1114.26,2.306,70
PACK OF 12 PINK PAISLEY TISSUES ,3458,1112.6,0.4711214953271028,212
HOME GARLAND PAINTED ZINC ,997,1111.58,1.840078125,128
LARGE CAKE STAND HANGING HEARTS,231,1111.05,5.28,34
LARGE PURPLE BABUSHKA NOTEBOOK  ,1195,1110.25,1.4949720670391062,178
ANGEL DECORATION STARS ON DRESS,2593,1109.05,0.5472058823529412,131
HANGING QUILTED PATCHWORK APPLES,1258,1108.58,1.5002247191011233,89
SMALL HAMMERED SILVER CANDLEPOT ,361,1107.91,3.35,50
ASSORTED CREEPY CRAWLIES,2621,1107.07,0.46950495049504953,99
BLACK CANDELABRA T-LIGHT HOLDER,941,1106.88,1.4657777777777776,89
GROW YOUR OWN PLANT IN A CAN ,838,1106.62,1.7921052631578949,57
SMALL SQUARE CUT GLASS CANDLESTICK,187,1106.54,6.9253846153846155,51
"BIRTHDAY CARD, RETRO SPOT",2608,1104.81,0.4670740740740741,270
CAKE STAND LOVEBIRD 2 TIER PINK,131,1104.54,10.617450980392157,51
PAINTED METAL STAR WITH HOLLY BELLS,1916,1102.4199999999998,0.7734166666666666,117
SILVER PLATE CANDLE BOWL SMALL,348,1101.2800000000002,3.8033333333333337,57
50'S CHRISTMAS PAPER GIFT BAG,1342,1100.6899999999998,0.9369902912621358,103
CARD GINGHAM ROSE ,2693,1096.09,0.47944785276073615,163
TRAVEL CARD WALLET UNION JACK,2545,1094.93,0.49327354260089684,222
TEA COSY RED  STRIPE,369,1091.05,3.744262295081967,121
ZINC  HEART T-LIGHT HOLDER,868,1090.66,1.5915942028985506,69
GLITTER HEART DECORATION,2469,1088.5900000000001,0.5535064935064935,142
PRETTY HANGING QUILTED HEARTS,1276,1088.36,1.3654054054054052,74
POLKA DOT RAFFIA FOOD COVER,290,1085.32,3.8392134831460676,89
BOHEMIAN COLLAGE STATIONERY SET,635,1080.82,2.004245283018868,211
SET/4 SKULL BADGES,914,1080.0,1.0932934131736527,165
YELLOW METAL CHICKEN HEART ,721,1079.67,2.0770652173913042,91
I LOVE LONDON BEAKER,860,1077.3,1.5569387755102042,97
VINTAGE UNION JACK SHOPPING BAG,225,1077.03,5.553829787234043,46
SILVER HEARTS TABLE DECORATION,1274,1075.03,0.970754716981132,157
"HOOK, 1 HANGER ,MAGIC GARDEN",1262,1070.0,1.1806060606060607,98
"FEATHER PEN,LIGHT PINK",2059,1069.1399999999999,0.6530666666666666,149
PING MICROWAVE APRON,508,1068.3799999999999,3.0187804878048783,122
ROSE 1 WICK MORRIS BOXED CANDLE,742,1066.8600000000001,2.427241379310345,84
VINTAGE BEAD PINK PURSE ,979,1066.6599999999999,1.466946564885496,128
GLITTER CHRISTMAS STAR ,2470,1066.65,0.544812030075188,124
CHOCOLATE 3 WICK MORRIS BOX CANDLE,620,1062.57,3.3797183098591552,71
DECORATIVE WICKER HEART SMALL,1596,1062.28,0.781578947368421,109
STRIPEY CHOCOLATE NESTING BOXES,355,1061.41,3.314363636363636,110
BLUE POT PLANT CANDLE ,299,1060.9,5.06,68
"METAL SIGN,CUPCAKE SINGLE HOOK",1201,1060.8,1.5088461538461537,145
DRAWER KNOB CERAMIC RED,714,1058.8999999999999,1.814864864864865,74
TRAVEL CARD WALLET SUKI,2381,1058.64,0.5419402985074626,266
EMBROIDERED RIBBON REEL SOPHIE  ,296,1058.6,3.848181818181818,42
PINK METAL CHICKEN HEART ,716,1058.18,2.2159574468085106,91
LOCAL CAFE MUG,676,1057.71,2.180769230769231,116
DOLLY GIRL WALL ART,318,1055.94,3.6090909090909093,11
FRENCH LAVENDER SCENT HEART,1069,1055.59,1.510462962962963,106
DISCO BALL ROTATOR BATTERY OPERATED,249,1055.25,4.245238095238095,105
SET OF 6 STRAWBERRY CHOPSTICKS,801,1054.44,1.8067586206896553,144
HOME SWEET HOME 3 PEG HANGER ,271,1053.53,4.49640625,64
LARGE CHINESE STYLE SCISSOR,1273,1053.45,0.8460000000000001,65
PLACE SETTING WHITE STAR,2407,1053.08,0.5537614678899082,105
HANGING CLEAR MINI BOTTLE,1734,1051.14,0.7871428571428571,41
SLEEPING CAT ERASERS,4991,1047.93,0.29846938775510207,290
LOVE HEART TRINKET POT,2239,1044.81,0.6829496402877698,135
HOME SWEET HOME BOTTLE ,473,1043.72,2.6725581395348836,86
70'S ALPHABET WALL ART,150,1043.1,7.986,15
HEART STRING MEMO HOLDER HANGING,875,1042.78,1.7872580645161291,122
RED HEARTS LIGHT CHAIN ,503,1042.66,3.13359375,63
VINTAGE KID DOLLY CARD ,2478,1041.94,0.5551643192488263,213
WRAP  VINTAGE DOILY ,2474,1039.08,0.42,94
SET OF 6 T-LIGHTS EASTER CHICKS,345,1038.8700000000001,3.601466666666667,75
"ART LIGHTS,FUNK MONKEY",370,1037.54,3.553809523809524,62
GLITTER STAR GARLAND WITH BELLS ,251,1037.05,5.067142857142858,62
BALLOON ART MAKE YOUR OWN FLOWERS,1009,1034.9,1.7488,98
ZINC HEART FLOWER T-LIGHT HOLDER,795,1033.28,1.627594936708861,79
MAGNETS PACK OF 4 VINTAGE COLLAGE,1719,1033.16,0.6847368421052632,151
EMPIRE TISSUE BOX,1983,1030.1000000000001,0.958502994011976,167
KIDS RAIN MAC BLUE,1293,1029.24,0.9096511627906977,85
SKULLS  STICKERS,1140,1028.58,1.12731884057971,138
GREY FLORAL FELTCRAFT SHOULDER BAG,265,1027.94,4.115301204819277,83
JIGSAW TREE WITH BIRDHOUSE,998,1027.72,1.2261904761904763,144
PACK OF 12 SPACEBOY TISSUES,3032,1024.2199999999998,0.45162162162162156,219
RAINY LADIES BIRTHDAY CARD,2406,1023.73,0.5876056338028169,213
FRENCH BLUE METAL DOOR SIGN 4,740,1023.03,1.7244736842105264,152
PURPLE PAPER PARASOL,313,1022.9900000000001,3.851818181818182,88
SANDWICH BATH SPONGE,719,1022.8,1.9605154639175257,97
3D HEARTS  HONEYCOMB PAPER GARLAND,326,1021.9000000000001,3.834705882352941,50
HEART MINI PORTRAIT FRAME,518,1021.76,2.07183908045977,87
IVORY ENCHANTED FOREST PLACEMAT,513,1021.35,2.371868131868132,91
ZINC SWEETHEART WIRE LETTER RACK,263,1020.69,4.236666666666666,90
CAST IRON HOOK GARDEN TROWEL,386,1018.19,3.5335999999999994,25
EASTER TIN CHICKS PINK DAISY,589,1017.7699999999999,1.9718691588785044,107
3D DOG PICTURE PLAYING CARDS,338,1016.72,3.274137931034483,86
FRENCH GARDEN SIGN BLUE METAL,791,1016.08,1.490530303030303,131
CHRISTMAS TREE STAR DECORATION,2353,1016.02,0.4511111111111111,198
WALL ART MID CENTURY MODERN ,164,1015.78,7.523000000000001,20
WALL ART BUFFALO BILL ,334,1011.1000000000001,4.367837837837838,37
4 LILY  BOTANICAL DINNER CANDLES,525,1009.26,2.438653846153846,102
TOAST ITS - BEST MUM,799,1007.71,1.5822105263157895,95
SWEETHEART WALL TIDY ,108,1007.0799999999999,9.900930232558139,43
WHITE HEART CONFETTI IN TUBE,1028,1006.8199999999999,1.4450704225352111,71
SET/3 CHRISTMAS DECOUPAGE CANDLES,892,1005.3199999999999,1.9310144927536232,69
CHERRY CROCHET FOOD COVER,264,1004.39,3.990096153846154,104
POCKET BAG BLUE PAISLEY RED SPOT,831,1003.4,1.4172307692307693,128
BOUDOIR SQUARE TISSUE BOX,1992,1001.5500000000001,0.9610112359550562,172
WICKER WREATH SMALL,741,1001.49,1.74696,123
PACK OF 6 COCKTAIL PARASOL STRAWS,2501,1000.4399999999999,0.5528448275862069,111
WALL ART GARDEN HAVEN ,215,998.64,6.166944444444445,36
EMBROIDERED RIBBON REEL REBECCA ,334,996.38,3.4480952380952385,63
MISELTOE HEART WREATH CREAM,240,996.0000000000001,4.15,1
5 HOOK HANGER MAGIC TOADSTOOL,640,994.3799999999999,1.9782352941176469,34
MINI FUNKY DESIGN TAPES,1295,993.99,0.8597849462365591,91
BROWN  PIRATE TREASURE CHEST ,414,993.5,3.196938775510204,146
TOAST ITS - I LOVE YOU ,789,992.58,1.3647967479674796,120
SET/3 DECOUPAGE STACKING TINS,193,992.5200000000001,5.95536231884058,69
BOX OF 9 PEBBLE CANDLES,485,986.23,2.4765384615384614,103
FOLDING BUTTERFLY MIRROR RED  ,1262,985.88,0.9833333333333333,99
VINTAGE BEAD PINK SCARF ,451,985.8399999999999,2.9,58
SMALL GLASS SUNDAE DISH CLEAR,739,984.4699999999999,1.942063492063492,63
ASSORTED TUTTI FRUTTI SMALL PURSE,729,982.79,1.878939393939394,66
EMBROIDERED RIBBON REEL RACHEL ,361,980.41,3.0959090909090907,44
SET OF 3 BIRD LIGHT PINK FEATHER ,1848,979.11,0.9135497835497836,223
SET OF 6 CAKE CHOPSTICKS,640,978.23,1.904258064516129,153
EMBROIDERED RIBBON REEL SALLY ,478,977.39,2.349189189189189,74
CREAM SWEETHEART LETTER RACK,215,976.25,6.697333333333333,30
EMBROIDERED RIBBON REEL ROSIE,500,975.24,2.3164912280701753,57
FRENCH BLUE METAL DOOR SIGN 6,710,973.15,1.680703125,126
"SWISS ROLL TOWEL, PINK  SPOTS",653,971.44,2.4974418604651163,43
WHITE SOAP RACK WITH 2 BOTTLES,172,969.8000000000001,6.570816326530613,48
GOLD MUG BONE CHINA TREE OF LIFE,770,969.64,2.222,74
CHRISTMAS MUSICAL ZINC STAR,1953,967.7599999999999,0.6486290322580645,123
MOTHER'S KITCHEN SPOON REST ,226,967.17,4.879411764705883,84
SET OF 2 TINS JARDIN DE PROVENCE,248,967.05,4.889270833333334,96
ASSORTED EASTER GIFT TAGS,1145,965.8599999999999,1.338360655737705,61
PARTY INVITES WOODLAND,1154,965.66,0.9721774193548387,122
SET OF 4 FAIRY CAKE PLACEMATS ,519,965.41,3.1501470588235296,68
ENGLISH ROSE SPIRIT LEVEL ,978,964.38,1.7283898305084744,118
IVORY HANGING DECORATION  BIRD,1113,964.2299999999999,0.9474626865671641,128
WOOD STAMP SET HAPPY BIRTHDAY,945,964.2199999999999,1.2049425287356321,173
WHITE HEARTS WIRE PLANT POT HOLDER,343,963.27,3.2097183098591553,71
MINI JIGSAW CIRCUS PARADE ,2519,960.86,0.5225,91
WOOD STAMP SET BEST WISHES,1017,958.04,1.130362694300518,187
ZINC HEART LATTICE T-LIGHT HOLDER,716,957.32,1.6134831460674157,88
TRAVEL CARD WALLET RETROSPOT,2194,956.94,0.5283105022831049,218
SMALL CHOCOLATES PINK BOWL,1858,956.4599999999999,0.6337903225806452,246
HI TEC ALPINE HAND WARMER,841,956.36,2.124351851851852,107
GOLD MINI TAPE MEASURE ,1234,956.36,0.845873786407767,205
WALL ART DOLLY GIRL ,319,956.0500000000002,4.647307692307693,26
PACK OF 12 VINTAGE DOILY TISSUES,2272,955.42,0.48677685950413224,119
SOFT PINK ROSE TOWEL ,273,952.83,3.4126612903225806,124
DANISH ROSE ROUND SEWING BOX,811,951.79,2.2196774193548388,62
SCOTTIE DOGS BABY BIB,1993,951.1099999999999,0.6983870967741935,246
FELT EGG COSY CHICKEN,1023,950.4599999999999,1.1047887323943661,137
MEDIUM MEDINA STAMPED METAL BOWL ,310,948.7000000000002,3.3927586206896554,58
EASTER TIN BUCKET,408,946.93,2.684878048780488,41
BLUE PAPER PARASOL ,321,946.83,3.506666666666667,60
ADULT APRON APPLE DELIGHT,184,945.88,6.362,45
"ELEPHANT, BIRTHDAY CARD, ",2210,945.46,0.5207185628742514,167
WRAP GINGHAM ROSE ,2276,943.92,0.41926829268292676,82
HAPPY EASTER HANGING DECORATION,243,942.1999999999999,4.418,53
MAGIC GARDEN FELT GARLAND ,419,939.3699999999999,2.825056179775281,89
RED LOVE HEART SHAPE CUP,1038,939.03,1.2053896103896105,154
VINTAGE BEAD PINK EVENING BAG,619,937.25,2.0357291666666666,94
JAM CLOCK MAGNET,327,936.89,3.360294117647059,68
3 GARDENIA MORRIS BOXED CANDLES,501,936.27,2.9699999999999998,77
WALL ART THE MAGIC FOREST ,148,933.16,8.537692307692309,13
"NURSERY A,B,C PAINTED LETTERS",198,932.4,6.4089041095890416,73
MINI CAKE STAND T-LIGHT HOLDER,1872,931.02,0.6406293706293706,142
LARGE MEDINA STAMPED METAL BOWL ,182,930.96,5.496545454545455,55
CLOCK MAGNET MUM'S KITCHEN,324,930.48,3.5243396226415094,53
EASTER TREE YELLOW BIRDS,131,929.44,8.020793650793651,63
TEA PARTY  WRAPPING PAPER ,2250,929.0,0.4189333333333333,75
FRENCH CARRIAGE LANTERN,137,925.35,7.039152542372881,58
SILVER T-LIGHT SETTING,143,924.29,7.292142857142857,28
ANIMALS AND NATURE WALL ART,267,923.97,3.6958823529411764,17
PINK DOG BOWL,549,922.89,2.5988793103448278,115
DOLLY MIXTURE CHILDREN'S UMBRELLA,267,922.67,3.8718181818181816,77
PORCELAIN BUTTERFLY OIL BURNER,265,921.87,3.9436507936507934,61
VANILLA INCENSE IN TIN,2084,920.67,0.7027272727272726,95
BLUE POLKADOT WASHING UP GLOVES,407,920.45,2.41722972972973,148
CHRISTMAS TREE HEART DECORATION,2122,919.14,0.4531868131868132,180
IVORY PILLAR CANDLE SILVER FLOCK,451,916.9900000000001,2.8266233766233766,76
POLKADOT RAIN HAT ,1937,916.99,0.6697835497835498,226
EGG FRYING PAN RED ,431,915.4000000000001,2.3390825688073393,109
TRAVEL CARD WALLET SKULLS,2119,914.37,0.5232474226804124,192
WOVEN ROSE GARDEN CUSHION COVER ,217,912.03,4.205555555555556,90
MIRROR MOSAIC T-LIGHT HOLDER ROUND,1248,908.24,2.12,26
TEA TIME TEA SET IN GIFT BOX,133,906.83,6.676530612244897,49
CHILDS GARDEN BRUSH PINK,411,906.7500000000001,2.6006818181818185,88
TOMATO CHARLIE+LOLA COASTER SET,512,905.55,2.508522727272727,88
TRAVEL CARD WALLET PANTRY,2002,903.16,0.6030357142857142,221
POTTING SHED SEED ENVELOPES,592,902.08,1.8283969465648853,130
WALL ART WORK REST AND PLAY  ,210,901.58,5.301612903225807,31
BEADED PEARL HEART WHITE ON STICK,996,901.48,0.9148739495798318,119
MIRROR MOSAIC HURRICANE LAMP ,349,898.38,5.131914893617021,47
PINK FLOWER CROCHET FOOD COVER,237,897.8,3.934430379746835,79
COSMETIC BAG VINTAGE ROSE PAISLEY,417,897.74,2.6088,100
FRENCH BLUE METAL DOOR SIGN 7,677,896.75,1.5951754385964911,113
HIPPY CHIC DECORATIVE PARASOL,169,896.01,8.337407407407408,27
BAKING MOULD ROSE WHITE CHOCOLATE,279,895.97,4.326153846153846,50
GUMBALL MONOCHROME COAT RACK,620,895.72,2.0745454545454542,109
SUNFLOWER DECORATIVE PARASOL,125,895.46,10.163571428571428,42
CHEST 7 DRAWER MA CAMPAGNE,36,895.38,25.533846153846152,26
JOY WOODEN BLOCK LETTERS,230,895.26,5.188426966292135,89
 NINE DRAWER OFFICE TIDY,58,894.42,16.09060606060606,33
FAIRY CAKES NOTEBOOK A7 SIZE,2107,892.19,0.5567777777777778,179
DANISH ROSE FOLDING CHAIR,112,890.4000000000001,7.95,25
BIRDHOUSE DECORATION MAGIC GARDEN,712,889.49,1.529136690647482,137
WHITE HONEYCOMB PAPER GARLAND ,355,888.67,2.5816438356164384,72
CARD PARTY GAMES ,2129,888.47,0.4929361702127659,235
PINK  HEART CONFETTI IN TUBE,966,888.3299999999999,1.5878481012658228,78
STAR PORTABLE TABLE LIGHT ,299,887.6500000000001,3.8757142857142854,49
MULTICOLOUR HONEYCOMB FAN,1224,886.24,1.396629213483146,89
SPACEBOY WALL ART,306,885.9000000000001,3.582307692307692,13
CHILDRENS GARDEN GLOVES BLUE,642,883.1999999999999,1.616829268292683,81
SEWING SUSAN 21 NEEDLE SET,918,880.4699999999999,1.2030232558139533,172
PLAYING CARDS VINTAGE DOILY ,701,880.16,1.3027956989247311,92
FIVE CATS HANGING DECORATION,286,879.6700000000001,3.65561797752809,89
TEA COSY BLUE STRIPE,250,877.38,4.214476190476191,105
PANTRY 3 HOOK ROLLING PIN HANGER,219,876.9,4.536969696969697,66
PARTY PIZZA DISH RED RETROSPOT,1974,873.3299999999999,0.6028723404255318,94
FELTCRAFT HAIRBANDS PINK AND WHITE ,933,872.67,1.1069127516778523,148
WIRE EGG BASKET ,113,872.38,8.26659090909091,44
FRENCH BLUE METAL DOOR SIGN 8,644,871.49,1.6489166666666668,119
BLUE POLKADOT COFFEE MUG,2054,869.6099999999999,0.7973239436619718,71
REINDEER HEART DECORATION GOLD,993,869.15,1.0827884615384615,103
URBAN BLACK RIBBONS ,848,869.1,1.0584491978609627,184
DAISIES  HONEYCOMB GARLAND ,499,868.4399999999999,1.9561176470588233,85
WRAP RED VINTAGE DOILY,2100,866.0,0.41884057971014493,68
FOLDING UMBRELLA CREAM POLKADOT,190,863.11,4.31640625,64
BIRD DECORATION RED RETROSPOT,893,860.93,1.2836363636363637,132
HOT BATHS SOAP HOLDER,494,859.0,1.8581739130434782,114
RED RETROSPOT TAPE,1903,858.7800000000001,0.48406639004149377,240
SMALL SILVER FLOWER CANDLE POT,284,857.6800000000001,3.365609756097561,41
BLACK PIRATE TREASURE CHEST,526,856.39,2.382013888888889,143
RED DRAGONFLY HELICOPTER,106,856.38,8.074705882352943,67
WHITE BAMBOO RIBS LAMPSHADE,976,854.4599999999999,1.2015492957746479,65
PAINTED METAL HEART WITH HOLLY BELL,1372,854.3499999999999,0.9436538461538462,97
BUFFALO BILL WALL ART ,248,852.72,3.6925,16
CHARLIE & LOLA WASTEPAPER BIN BLUE,667,852.04,1.5657954545454544,86
FAIRY CAKES NOTEBOOK A6 SIZE,1332,850.2,0.9028205128205128,155
MAGIC TREE -PAPER FLOWERS,918,848.6999999999999,1.0551428571428572,105
WRAP COWBOYS  ,2057,847.94,0.4188732394366197,71
MIRROR MOSAIC GOBLET CANDLE HOLDER,574,847.82,3.9760606060606065,33
RELAX LARGE WOOD LETTERS,129,844.28,10.630344827586207,29
MAGIC DRAWING SLATE DINOSAUR,1929,844.0,0.49179190751445084,171
SET OF 4 FAIRY CAKE PLACEMATS,222,843.34,3.977738095238095,83
EGG CUP MILKMAID INGRID,644,841.31,1.7567105263157894,76
HEART GARLAND RUSTIC PADDED,264,841.24,3.2348913043478262,91
FRENCH PAISLEY CUSHION COVER ,575,840.4399999999999,2.385047619047619,105
SMALL REGAL  SILVER CANDLEPOT ,307,840.33,3.395,24
ASSTD MULTICOLOUR CIRCLES MUG,1578,840.0799999999999,1.6527710843373495,81
PAPER POCKET TRAVELING FAN ,6591,840.0200000000001,0.3739855072463768,138
PACK OF 12 PAISLEY PARK TISSUES ,1840,839.8399999999999,0.5168115942028985,136
WASH BAG VINTAGE ROSE PAISLEY,290,838.86,3.3250588235294116,85
FELT TOADSTOOL LARGE,657,836.8000000000001,1.6237704918032787,61
TREASURE AHOY WALL ART,270,833.46,3.585,16
MIRROR MOSAIC T-LIGHT HOLDER ,1622,831.84,2.0570967741935484,31
T-LIGHT HOLDER HANGING LACE,839,831.26,1.318170731707317,82
SET 6 FOOTBALL CELEBRATION CANDLES,657,830.98,1.3202884615384616,103
ASSORTED TUTTI FRUTTI PEN,2471,830.7299999999999,0.4958252427184466,101
FELTCRAFT HAIRBAND RED AND BLUE,918,830.52,1.0437037037037036,161
WHITE CHRISTMAS GARLAND STARS TREES,225,830.03,3.7701515151515155,65
BLUE CALCULATOR RULER,654,829.74,1.5937068965517243,113
PINK STITCHED WALL CLOCK,679,828.24,3.807540983606557,61
LOVE GARLAND PAINTED ZINC ,453,827.6299999999999,2.4683333333333333,78
LOVE HEART NAPKIN BOX ,171,826.95,5.413235294117648,66
APOTHECARY MEASURING JAR,67,826.28,12.759545454545453,22
ETCHED GLASS COASTER,1618,825.49,0.8383561643835616,71
HANGING SPRING FLOWER EGG LARGE,947,822.89,1.02986301369863,73
MOTORING TISSUE BOX,1830,822.13,0.6054938271604938,160
CHRISTMAS DECOUPAGE CANDLE,1845,821.98,0.7696153846153846,76
MORE BUTTER METAL SIGN ,760,821.61,1.401625,160
SET OF 4 POLKADOT PLACEMATS ,173,821.16,5.307435897435898,78
SMALL POLKADOT CHOCOLATE GIFT BAG ,943,819.64,1.0317307692307691,52
FRENCH STYLE STORAGE JAR CAFE ,1982,819.4599999999999,0.3409859154929577,70
WHITE STITCHED WALL CLOCK,847,813.29,1.9481818181818182,44
IVORY LOVE BIRD CANDLE,812,813.02,1.3231460674157303,88
DECORATION WHITE CHICK MAGIC GARDEN,928,812.86,1.007364864864865,145
RETRO PLASTIC ELEPHANT TRAY,1105,812.53,0.8364615384615384,65
SMALL BONNE JAM JAR  T-LIGHT HOLDER,422,808.16,2.0316666666666667,22
KIDS RAIN MAC PINK,925,803.65,0.9420430107526881,92
PHOTO FRAME LINEN AND LACE LARGE,215,801.6800000000001,3.8148837209302324,43
CARAVAN SQUARE TISSUE BOX,1440,800.59,0.9591139240506329,153
MINI JIGSAW PURDEY,2103,799.9799999999999,0.5354651162790698,86
GARDENIA 3 WICK MORRIS BOXED CANDLE,278,799.24,3.8951162790697675,83
HORSE & PONY WALL ART,256,797.3100000000001,3.594705882352941,17
SET/6 PINK BIRD T-LIGHT CANDLES,451,796.99,2.7365,100
HEART SHAPE WIRELESS DOORBELL,444,795.83,2.0834615384615387,49
SWEET HEART CAKE CARRIER,80,795.5799999999999,10.365454545454545,44
SET/6 FROG PRINCE T-LIGHT CANDLES,479,795.02,2.90367816091954,86
TOXIC AREA  DOOR HANGER ,1462,792.98,0.9853658536585366,162
ZINC HEARTS PLANT POT HOLDER,283,792.47,2.9438461538461542,52
EMBROIDERED RIBBON REEL CLAIRE,224,792.31,4.484583333333333,24
WRAP GREEN PEARS ,1883,790.86,0.41999999999999993,77
EGG FRYING PAN IVORY ,377,790.7800000000001,2.3288659793814435,96
FELTCRAFT HAIRBAND PINK AND PURPLE,873,789.78,1.0496078431372549,150
EGG CUP HENRIETTA HEN CREAM ,630,787.52,1.7454166666666666,48
NOEL GARLAND PAINTED ZINC ,1398,787.2099999999999,0.766328125,128
WOODLAND  STICKERS,868,786.31,1.2149514563106796,103
BLACK BAROQUE WALL CLOCK ,84,783.68,12.721666666666668,36
CHILDS GARDEN BRUSH BLUE,363,783.5400000000001,2.668024691358025,81
"BLACK TEA,COFFEE,SUGAR JARS",453,783.3499999999999,1.9734042553191489,47
CINAMMON SET OF 9 T-LIGHTS,871,782.5,1.0847133757961782,154
MOODY GIRL DOOR HANGER ,1469,781.87,0.9722285714285716,170
FRENCH BLUE METAL DOOR SIGN 0,594,780.8,1.5481818181818183,99
SKULLS GREETING CARD,1891,778.89,0.4853043478260869,115
BUNNY WOODEN PAINTED WITH BIRD ,1000,777.78,0.9306802721088435,147
PACK OF 12 BLUE PAISLEY TISSUES ,2301,777.67,0.44819354838709674,155
SALLE DE BAIN HOOK,548,777.5699999999999,1.752952380952381,103
PINK HORSE SOCK PUPPET,255,776.4900000000001,3.5382758620689656,57
ROMANTIC IMAGES GIFT WRAP SET,789,776.49,1.0937037037037038,135
TOOTHPASTE TUBE PEN,1273,776.1,1.0353846153846153,205
SILK PURSE BABUSHKA RED,222,775.8000000000001,4.14686274509804,51
FRENCH FLORAL CUSHION COVER ,674,774.79,1.831888888888889,83
CHERRY BLOSSOM DECORATIVE FLASK,192,774.7,4.5343478260869565,69
FELTCRAFT HAIRBAND PINK AND BLUE,856,774.55,1.0627777777777776,161
CARROT CHARLIE+LOLA COASTER SET,471,773.3,2.3733858267716537,126
SET/6 COLLAGE PAPER CUPS,2610,773.14,0.5010869565217392,181
CHILDS GARDEN FORK BLUE ,930,772.59,0.8972307692307693,128
BLUE/CREAM STRIPE CUSHION COVER ,623,771.15,1.2481,99
PINK LOVE HEART SHAPE CUP,816,770.73,1.286390977443609,133
TALL ROCOCO CANDLE HOLDER,93,770.59,9.6295,20
RED APPLES CHOPPING BOARD   ,152,770.32,5.8406666666666665,45
DAIRY MAID TOASTRACK,777,769.57,1.614952380952381,104
WRAP BILLBOARD FONTS DESIGN,1831,769.02,0.42,64
4 WILDFLOWER BOTANICAL CANDLES,404,768.37,2.4651546391752577,91
GINGHAM ROSE WRAP,1829,768.18,0.42,73
TRIPLE WIRE HOOK IVORY HEART,182,766.1,4.535769230769231,52
CUSHION COVER PINK UNION JACK,123,764.63,7.620212765957446,47
FOLDING UMBRELLA BLACKBLUE POLKADOT,160,763.6600000000001,4.881351351351352,74
WRAP ALPHABET POSTER  ,1855,763.1,0.41875,64
TRAVEL CARD WALLET FLOWER MEADOW,1758,762.75,0.5191907514450866,173
DOLLY CABINET 3 DRAWERS ,51,762.4499999999999,14.95,30
BIRDCAGE DECORATION TEALIGHT HOLDER,643,761.57,1.236231884057971,67
RING OF ROSES BIRTHDAY CARD,1835,761.05,0.5516793893129771,130
DRAWER KNOB VINTAGE GLASS BALL,350,760.8000000000001,2.269814814814815,54
BEADED CRYSTAL HEART GREEN LARGE,834,760.4300000000001,1.382741935483871,62
SMALL ROUND CUT GLASS CANDLESTICK,161,760.39,5.201212121212122,33
WALL ART HORSE & PONY ,225,760.32,4.593478260869565,46
ASSORTED INCENSE PACK,4032,760.3199999999999,0.20259259259259257,27
SCENTED VELVET LOUNGE CANDLE ,1790,760.15,0.5452727272727272,55
INFLATABLE POLITICAL GLOBE ,860,759.89,1.086619718309859,71
COCKTAIL SWORDS 50 PIECES,935,759.5699999999999,1.014421052631579,95
SMALL YELLOW BABUSHKA NOTEBOOK ,1010,758.13,0.9668036529680365,217
MEASURING TAPE BABUSHKA RED,266,757.0200000000001,3.0623809523809524,41
RED TEA TOWEL CLASSIC DESIGN,630,755.96,1.2952054794520547,73
MINT GREEN ROSE TOWEL,196,754.07,3.64,86
DOVE DECORATION PAINTED ZINC ,2381,754.0300000000001,0.6304878048780488,79
18PC WOODEN CUTLERY SET DISPOSABLE,567,751.38,1.751627906976744,43
PACK OF 12 STICKY BUNNIES,991,751.28,1.0253254437869823,167
KENSINGTON COFFEE SET,57,751.17,13.468235294117648,34
CHILDS GARDEN FORK PINK,864,750.81,0.9484444444444444,135
CHRISTMAS TREE HANGING SILVER ,801,750.1899999999999,1.089438202247191,88
SET OF 6 GIRLS CELEBRATION CANDLES,592,748.95,1.3354330708661417,126
SET OF 2 ROUND TINS CAMEMBERT ,282,748.82,3.648367346938776,98
BLACK STITCHED WALL CLOCK,709,748.36,2.3628571428571425,42
ZINC FINISH 15CM PLANTER POTS,601,748.34,1.4157894736842105,57
BIRD DECORATION GREEN POLKADOT,820,747.81,1.1363309352517985,139
BLACK TEA TOWEL CLASSIC DESIGN,825,747.3,1.076846153846154,128
IVORY PAPER CUP CAKE CASES ,1087,744.35,0.9225396825396827,124
FELT FARM ANIMAL RABBIT,912,743.89,1.325194805194805,77
ASSORTED TUTTI FRUTTI MIRROR,550,743.31,1.8401666666666665,60
FOLDING BUTTERFLY MIRROR IVORY ,794,742.92,1.2622222222222224,133
200 BENDY SKULL STRAWS,660,742.37,1.3725454545454545,55
MINI PAINTED GARDEN DECORATION ,2451,740.15,0.5020253164556961,79
BLOSSOM IMAGES GIFT WRAP SET,786,739.99,1.0780451127819548,133
VINTAGE LEAF CHOPPING BOARD  ,149,737.95,5.451333333333333,45
HEARTS  STICKERS,835,737.8399999999999,1.0332773109243696,119
FELT FARM ANIMAL WHITE BUNNY ,1561,736.98,1.0378571428571428,96
PAPERWEIGHT VINTAGE COLLAGE,510,736.88,2.9073239436619716,71
SET/5 RED SPOTTY LID GLASS BOWLS,288,734.4,2.55,1
3 RAFFIA RIBBONS VINTAGE CHRISTMAS,824,732.4200000000001,0.8976767676767677,99
SWALLOW SQUARE TISSUE BOX,1596,732.39,0.6958169934640523,145
TEATIME FUNKY FLOWER BACKPACK FOR 2,66,732.2299999999999,11.164716981132074,53
"WRAP, BILLBOARD FONTS DESIGN",1951,731.42,0.4154285714285714,35
DECORATION  BUTTERFLY  MAGIC GARDEN,819,730.9499999999999,1.0487837837837837,147
GARDENIA 1 WICK MORRIS BOXED CANDLE,213,730.93,3.9792307692307687,61
RED POLKADOT COFFEE  MUG,1532,729.6,1.2461904761904763,63
ASSORTED EASTER DECORATIONS  BELLS,569,729.57,3.9481481481481477,27
MAGNETS PACK OF 4 HOME SWEET HOME,1393,729.09,0.6709868421052632,150
JAZZ HEARTS ADDRESS BOOK,3191,726.8900000000001,0.3208407079646018,225
FRENCH BLUE METAL DOOR SIGN 9,531,726.07,1.704,98
S/15 SILVER GLASS BAUBLES IN BAG,558,725.52,1.7536507936507935,62
STARS GIFT TAPE ,1653,725.4200000000001,0.6445864661654136,133
PINK SWEETHEART BRACELET,175,725.32,4.1883333333333335,78
BEADED CRYSTAL HEART PINK ON STICK,850,725.26,0.8429126213592232,206
SET OF 6 RIBBONS PERFECTLY PRETTY  ,251,724.59,3.2853488372093027,43
GIFT BAG PSYCHEDELIC APPLES,1171,722.6700000000001,0.7051079136690648,139
ROSE SCENT CANDLE JEWELLED DRAWER,529,722.47,4.261463414634147,41
SUNSET COLOUR CHUNKY KNITTED THROW,60,720.93,11.514871794871794,39
CORONA MEXICAN TRAY,172,719.69,5.865263157894737,38
SQUARE CHERRY BLOSSOM CABINET,129,719.5500000000001,5.569047619047619,19
GLITTER CHRISTMAS TREE WITH BELLS,698,719.3,1.324059405940594,97
CURIOUS IMAGES GIFT WRAP SET,683,718.5400000000001,1.1924113475177305,140
CHRISTMAS TREE HANGING GOLD,799,718.53,1.0467532467532468,75
FLOOR CUSHION ELEPHANT CARNIVAL,69,718.14,12.1,35
CARD CAT AND TREE ,1633,717.23,0.5764285714285714,168
RETRO MOD TRAY,800,717.11,1.1140384615384615,156
DECORATIVE FLORE BATHROOM BOTTLE,515,716.86,1.8763309352517985,139
FRYING PAN BLUE POLKADOT,193,716.8,4.299540229885057,87
BANQUET BIRTHDAY  CARD  ,1644,712.08,0.57325,160
PAPER LANTERN 7 POINT SNOW STAR,103,711.51,7.361428571428571,28
DANISH ROSE DECORATIVE PLATE,951,710.64,1.4351785714285714,55
DOG TOY WITH PINK CROCHET SKIRT,187,709.71,3.844,90
BLUE ROSE FABRIC MIRROR,597,709.7,1.4886666666666666,90
EDWARDIAN HEART PHOTO FRAME,160,709.5400000000001,5.090909090909091,44
PINK HAWAIIAN PICNIC HAMPER FOR 2,78,709.2399999999999,9.104181818181818,55
LARGE STRIPES CHOCOLATE GIFT BAG,567,708.75,1.25,49
ANTIQUE GLASS HEART DECORATION ,327,707.23,2.474736842105263,36
MADRAS NOTEBOOK MEDIUM,913,705.16,0.8541333333333334,73
CHILDS GARDEN SPADE BLUE,302,704.45,2.528888888888889,99
PANTRY APPLE CORER,471,704.13,1.8700925925925926,105
TOAST ITS - FAIRY FLOWER,642,703.3,1.219078947368421,151
COSY SLIPPER SHOES SMALL GREEN,254,703.08,2.763153153153153,111
CREAM SLICE FLANNEL CHOCOLATE SPOT ,237,702.51,3.8114814814814815,53
BRIGHT BLUES RIBBONS ,549,699.91,1.3167567567567566,109
STEEL SWEETHEART ROUND TABLE CREAM,41,699.63,18.561666666666664,24
PASTEL COLOUR HONEYCOMB FAN,940,697.77,1.2677380952380952,83
MR ROBOT SOFT TOY,216,697.7,5.847727272727273,44
BLACK WINE GLASS,1666,697.62,0.642,19
SCANDINAVIAN 3 HEARTS NAPKIN RING,1932,696.8,1.001290322580645,124
RECYCLED PENCIL WITH RABBIT ERASER,3068,695.4,0.3164880952380952,168
SILVER JEWELLED MIRROR TRINKET TRAY,95,695.23,9.787555555555555,45
FRENCH STYLE STORAGE JAR BONBONS,2338,695.06,0.3154666666666667,74
VINTAGE RED MUG,702,693.47,1.533148148148148,54
ASSORTED TUTTI FRUTTI BRACELET,2550,692.85,0.5017985611510791,132
CANDY HEART HANGING DECORATION,1318,690.52,0.7807936507936507,62
RATTLE SNAKE EGGS,813,689.35,1.4634313725490198,102
MAGNETS PACK OF 4 VINTAGE LABELS ,1322,689.28,0.89488,125
BLUE POLKADOT KIDS BAG,286,688.3,3.4390666666666667,74
VINTAGE KEEPSAKE BOX PARIS DAYS,112,686.86,6.938035714285715,56
RED CHARLIE+LOLA PERSONAL DOORSIGN,1290,684.62,0.8929133858267717,125
GLASS SPHERE CANDLE STAND MEDIUM,111,684.08,6.655142857142858,34
WOVEN BERRIES CUSHION COVER ,162,683.8,4.210898876404494,89
CHRISTMAS TREE PAINTED ZINC ,2468,683.3100000000001,0.43829545454545454,83
BLOSSOM  IMAGES NOTEBOOK SET,512,682.97,1.9597222222222221,36
PACK OF 6 SMALL FRUIT STRAWS,1685,682.39,0.46819047619047616,100
RUSTIC STRAWBERRY JAM POT SMALL,426,681.54,1.8299999999999998,32
DO NOT TOUCH MY STUFF DOOR HANGER ,1196,680.55,1.0219847328244274,127
LOVE HEART SOCK HANGER,378,679.28,2.3049999999999997,84
PAPER BUNTING PAISLEY PARK,249,679.07,3.186129032258065,31
CERAMIC BOWL WITH LOVE HEART DESIGN,583,677.86,1.6003846153846153,73
HAND OPEN SHAPE GOLD,198,677.34,3.6971875,30
MULTICOLOUR 3D BALLS GARLAND,253,677.1899999999999,2.811971830985915,68
SET OF 6 T-LIGHTS WEDDING CAKE ,260,677.0400000000001,3.388421052631579,38
WHITE TRAVEL ALARM CLOCK,280,676.27,2.4769662921348314,89
IVORY RETRO KITCHEN WALL CLOCK,77,675.91,9.915454545454546,33
TRAVEL CARD WALLET RETRO PETALS,1544,674.11,0.4817592592592593,105
EASTER DECORATION EGG BUNNY ,836,673.17,1.094470588235294,83
CINAMMON & ORANGE WREATH,104,672.88,6.652222222222222,34
WOVEN BUBBLE GUM CUSHION COVER,160,672.6,4.202676056338028,71
SMALL SILVER TRELLIS CANDLEPOT,224,672.4000000000001,3.3015151515151517,33
GREEN GOOSE FEATHER CHRISTMAS TREE ,187,672.09,5.107777777777778,45
SQUARE FLOOR CUSHION VINTAGE RED,71,672.05,10.515714285714285,42
PINK BUTTERFLY HANDBAG W BOBBLES,162,671.62,4.146326530612245,98
COOKING SET RETROSPOT,69,671.53,10.612857142857141,28
MAGIC DRAWING SLATE BUNNIES ,1763,669.75,0.483955223880597,134
MILK PAN BLUE POLKADOT,197,669.54,3.7055,79
CERAMIC PLATE STRAWBERRY DESIGN,584,667.92,1.41327868852459,61
LARGE BONNE JAM JAR  T-LIGHT HOLDER,255,667.8500000000001,3.0081818181818183,11
ENGLISH ROSE SCENTED HANGING FLOWER,548,665.2,1.8998260869565216,114
LARGE HANGING IVORY & RED WOOD BIRD,977,663.4300000000001,0.8388421052631578,95
SET/4 COLOURFUL MIXING BOWLS,70,661.9799999999999,9.826279069767441,43
S/12 VANILLA  BOTANICAL T-LIGHTS,227,661.9300000000001,3.1461904761904766,42
WRAP FLOWER SHOP  ,1575,661.5,0.42,62
PEARLISED IVORY HEART LARGE ,418,661.02,1.765897435897436,39
PACK OF 12 CIRCUS PARADE TISSUES ,2073,660.15,0.4941176470588235,102
SILK PURSE BABUSHKA BLUE,194,657.76,3.5171186440677964,58
LARGE YELLOW BABUSHKA NOTEBOOK ,599,656.52,1.4316260162601626,123
PIN CUSHION BABUSHKA RED,201,656.4300000000001,3.8984444444444444,45
BLUE PAISLEY JOURNAL ,250,656.06,2.8722784810126583,79
RED RETROSPOT LUGGAGE TAG,433,652.11,1.7522429906542056,105
CHERUB HEART DECORATION GOLD,738,649.02,1.0394366197183098,71
CHILDRENS GARDEN GLOVES PINK,489,648.97,1.7722972972972975,74
WHITE BELL HONEYCOMB PAPER GARLAND ,369,648.4499999999999,2.120408163265306,48
CARD WEDDING DAY,1543,645.64,0.5171538461538462,130
SMALL SKULL WINDMILL,485,645.61,1.5116666666666665,54
PHOTO FRAME LINEN AND LACE SMALL,310,644.8000000000001,2.08,59
MAGIC DRAWING SLATE BAKE A CAKE ,1782,644.39,0.45761363636363633,88
BASKET OF FLOWERS SEWING KIT,812,644.2099999999999,1.04,63
PAPERWEIGHT SAVE THE PLANET,338,641.55,2.582888888888889,45
ENCHANTED BIRD PLANT CAGE,186,640.72,4.039791666666667,48
ENAMEL PINK COFFEE CONTAINER,633,640.0899999999999,1.6557894736842105,75
LARGE WHITE/PINK ROSE ART FLOWER,360,639.36,1.9245454545454548,22
CHOC TRUFFLE GOLD TRINKET POT ,408,638.6199999999999,2.072535211267606,70
"CHRISTMAS GARLAND STARS,TREES",180,637.83,3.535625,48
ASSTD FRUIT+FLOWERS FRIDGE MAGNETS,2412,637.5600000000001,0.2896923076923077,65
VINTAGE JINGLE BELLS WREATH,76,635.38,8.549285714285714,28
"BUNTING , SPOTTY ",146,634.7,4.721428571428572,7
NURSE'S BAG SOFT TOY,70,634.53,9.226896551724137,29
ASSORTED TUTTI FRUTTI  FOB NOTEBOOK,650,633.8299999999999,1.138452380952381,78
SHOE SHINE BOX ,57,633.0699999999999,11.448181818181817,44
NAMASTE SWAGAT INCENSE,2391,632.34,0.29411764705882354,47
BISCUITS SMALL BOWL LIGHT BLUE,1255,631.8399999999999,0.7160115606936416,173
12 RED ROSE PEG PLACE SETTINGS,449,630.92,1.5815315315315317,105
LAUREL HEART ANTIQUE GOLD,525,630.73,1.446888888888889,44
MAGNETS PACK OF 4 RETRO PHOTO,1226,630.37,0.748828125,128
FENG SHUI PILLAR CANDLE,3317,630.23,0.19,65
COCKLE SHELL DISH,340,629.8000000000001,2.994264705882353,68
SMALL APOTHECARY MEASURING JAR ,81,629.0500000000001,8.078571428571427,28
PINK POT PLANT CANDLE,204,628.7900000000001,4.676,35
DRAWER KNOB VINTAGE GLASS HEXAGON,295,627.95,2.216666666666667,30
BLACK CHAMPAGNE GLASS,1529,626.55,0.498,35
SEASIDE FLYING DISC,505,626.53,1.5980246913580247,81
BLACK MINI TAPE MEASURE ,623,625.8,1.1194642857142856,112
BLACK DINER WALL CLOCK,66,625.6899999999999,9.790227272727272,44
WOODLAND STORAGE BOX SMALL,256,624.58,3.8434042553191494,46
PINK/PURPLE RETRO RADIO,218,622.27,2.970566037735849,53
CHILDS GARDEN TROWEL BLUE ,719,622.0999999999999,0.9045217391304348,113
PARTY CONES CANDY DECORATION,454,621.96,2.337910447761194,67
EGG CUP NATURAL CHICKEN,932,621.49,1.0416666666666667,125
STORAGE TIN HOME SWEET HOME,275,621.44,3.0989285714285715,56
GARDEN PATH JOURNAL,247,621.1899999999999,2.752153846153846,65
MUM'S KITCHEN CLOCK,122,621.09,5.939387755102041,49
METAL SIGN HIS DINNER IS SERVED,575,620.42,1.4704729729729729,148
JARDIN ETCHED GLASS FRUITBOWL,120,619.94,5.7587179487179485,39
KITCHEN FLOWER POTS WALL PLAQUE,116,619.59,5.3020481927710845,83
PINK UNION JACK  PASSPORT COVER ,271,618.9300000000001,2.5725233644859813,106
SWEETHEART CREAM STEEL TABLE RECT,27,618.66,23.759999999999998,21
WALL ART SPACEBOY,173,618.59,5.19972972972973,37
VINTAGE CARAVAN GREETING CARD ,1452,617.3199999999999,0.575036496350365,137
BIRTHDAY PARTY CORDON BARRIER TAPE,478,617.11,1.3616326530612244,97
HANGING METAL RABBIT DECORATION,474,616.95,1.6053225806451612,58
SIX DRAWER OFFICE TIDY,65,616.79,10.162592592592592,27
OVAL  MINI PORTRAIT FRAME,316,615.98,1.9883673469387753,47
BATHROOM METAL SIGN ,438,613.14,1.7678082191780824,73
LARGE APOTHECARY MEASURING JAR ,51,612.1600000000001,12.900476190476192,21
SMALL MEDINA STAMPED METAL BOWL ,771,612.1,1.258723404255319,47
LIPSTICK PEN BABY PINK,1333,611.3,0.5912499999999999,126
BLUE FELT EASTER EGG BASKET,365,610.4499999999999,1.73986301369863,71
THREE MINI HANGING FRAMES,142,610.0,4.540566037735849,50
HANGING BAUBLE T-LIGHT HOLDER SMALL,268,609.02,3.0580769230769227,26
CHILDS GARDEN SPADE PINK,266,608.95,2.6092857142857144,84
SET/6 EAU DE NIL BIRD T-LIGHTS,335,608.53,2.6856944444444446,72
VINTAGE POST OFFICE CABINET,11,607.6500000000001,66.36,2
FOLDING UMBRELLA CHOCOLATE POLKADOT,133,607.23,4.667118644067797,59
JIGSAW RABBIT AND BIRDHOUSE,596,607.14,1.2927777777777778,105
SET/12 TAPER CANDLES,607,605.89,1.2690526315789472,93
CHRISTMAS GINGHAM HEART,649,605.8,1.1770370370370369,54
GLASS JAR KINGS CHOICE,183,605.7700000000001,3.6571604938271607,81
PINK NEW BAROQUECANDLESTICK CANDLE,478,605.48,2.6080952380952382,42
PARTY CONES CANDY TREE DECORATION,734,604.4599999999999,1.289090909090909,33
JIGSAW TOADSTOOLS 3 PIECE,690,604.4599999999999,1.0685542168674698,83
ABSTRACT CIRCLES SKETCHBOOK ,142,603.3100000000001,4.66961038961039,76
FELT TOADSTOOL  SMALL,629,602.63,1.185844155844156,77
MOODY BOY  DOOR HANGER ,1126,601.79,1.0303225806451612,124
ROSE FOLKART HEART DECORATIONS,462,600.93,1.8164835164835167,88
EMBROIDERED RIBBON REEL RUBY ,167,600.55,3.9675,32
ENVELOPE 50 BLOSSOM IMAGES,1077,600.29,0.6770440251572326,158
SWISS CHALET TREE DECORATION ,1385,598.8199999999999,0.6728455284552844,119
SET OF 4 NAPKIN CHARMS STARS   ,269,596.36,2.645283018867924,51
ORIGAMI JASMINE INCENSE/CANDLE SET,525,595.85,1.8828235294117646,85
EASTER DECORATION HANGING BUNNY,1887,595.85,0.5661616161616162,92
SMALL STRIPES CHOCOLATE GIFT BAG ,867,594.51,0.874642857142857,28
12 DAISY PEGS IN WOOD BOX,344,592.6199999999999,1.9166666666666667,77
PACK OF 12 DOLLY GIRL TISSUES,1351,592.4499999999999,0.5607462686567164,133
BUNNY DECORATION MAGIC GARDEN,668,591.4399999999999,1.0199137931034483,113
SKULLS  DESIGN  COTTON TOTE BAG,252,590.67,2.8841772151898732,79
SET OF PICTURE FRAME  STICKERS,134,590.4200000000001,5.0358064516129035,62
CHOCOLATE 1 WICK MORRIS BOX CANDLE,362,589.9,2.3409999999999997,50
DARK BIRD HOUSE TREE DECORATION,1483,589.55,0.6625174825174824,142
PINK HEARTS LIGHT CHAIN ,271,587.2,3.28375,48
EGG CUP MILKMAID HELGA ,410,586.31,1.8453968253968254,63
SET 12 VINTAGE DOILY CHALK ,1312,586.23,0.4831858407079646,110
LETS GO SHOPPING COTTON TOTE BAG,252,585.34,2.5892307692307694,78
DECORATIVE PLANT POT WITH FRIEZE,73,584.37,8.479285714285714,28
PINK PAISLEY SQUARE TISSUE BOX ,1366,584.09,0.6522314049586777,117
PINK CAT BOWL,360,583.33,1.754390243902439,123
BLUE CHARLIE+LOLA PERSONAL DOORSIGN,1041,583.23,0.8838938053097345,111
SQUARECUSHION COVER PINK UNION JACK,173,581.23,7.178571428571429,42
SET/6 FRUIT SALAD  PAPER PLATES,1259,581.09,0.5745714285714285,105
TRAVEL CARD WALLET VINTAGE LEAF,1350,578.48,0.48307692307692307,117
RUSTIC STRAWBERRY JAM POT LARGE ,279,577.48,2.2357894736842105,38
FELT EGG COSY BLUE RABBIT ,552,577.4399999999999,1.2758878504672895,104
SILVER CHRISTMAS TREE BAUBLE STAND ,34,577.35,17.517391304347825,23
JARDIN ETCHED GLASS CHEESE DISH,219,575.45,3.889024390243902,40
GIFT BAG BIRTHDAY,940,575.4200000000001,0.6137179487179487,77
GLASS TWIST BON BON JAR,74,575.25,8.714583333333332,24
6PC WOOD PLATE SET DISPOSABLE,459,574.88,1.9131578947368422,38
ANGEL DECORATION PAINTED ZINC ,912,574.5400000000001,0.7082051282051283,77
PINK PADDED MOBILE,134,573.54,4.346190476190476,42
RED FLOCK LOVE HEART PHOTO FRAME,1067,572.67,0.7425301204819278,82
YELLOW SHARK HELICOPTER,71,572.41,8.04925925925926,53
HAIRCLIPS FORTIES FABRIC ASSORTED,1322,572.26,0.5670491803278689,61
BUTTERFLY CROCHET FOOD COVER,148,572.23,4.010606060606061,66
WHITE GOOSE FEATHER TREE 60CM ,283,571.65,2.3625000000000003,48
FRENCH STYLE EMBOSSED HEART CABINET,26,571.43,22.25590909090909,22
FOLK FELT HANGING MULTICOL GARLAND,204,570.86,3.2162295081967214,61
HYACINTH BULB T-LIGHT CANDLES,1314,569.68,0.6895652173913043,43
BEADED CRYSTAL HEART PINK LARGE,565,569.29,1.5017460317460318,62
DINOSAUR HEIGHT CHART STICKER SET,182,568.98,3.5830434782608696,46
ACRYLIC GEOMETRIC LAMP,35,568.65,17.94857142857143,20
LAUREL STAR ANTIQUE SILVER ,430,568.6,1.52765625,61
BUTTERFLIES STICKERS,628,568.26,1.1387272727272726,110
RED WHITE SCARF  HOT WATER BOTTLE,69,566.1700000000001,7.61125,16
BLUE TEA TOWEL CLASSIC DESIGN,478,565.86,1.2656603773584905,53
GARAGE KEY FOB,777,565.8100000000001,0.9082432432432431,147
FELTCRAFT DOLL MARIA,196,564.9200000000001,3.0626530612244904,48
ROMANTIC IMAGES NOTEBOOK SET,414,564.35,2.033333333333333,33
PACK OF 12 VINTAGE LEAF TISSUES ,1496,562.88,0.4760493827160494,80
TREE T-LIGHT HOLDER WILLIE WINKIE,364,562.2199999999999,1.916818181818182,44
SET/4 BADGES BALLOON GIRL,448,561.84,1.4985555555555556,89
YULETIDE IMAGES GIFT WRAP SET,687,561.34,1.1588297872340425,93
VINTAGE COFFEE GRINDER BOX,109,561.23,6.259333333333333,30
PACK 6 HEART/ICE-CREAM PATCHES,467,560.62,1.3740816326530612,98
PINK ROSE WASHBAG,156,560.62,3.5262162162162163,74
SET OF 6 VINTAGE NOTELETS KIT,563,560.11,2.0207142857142855,42
WHITE BAROQUE WALL CLOCK ,66,559.0,11.20625,32
PINK GLASS CANDLEHOLDER,175,558.37,3.677179487179487,38
CARNIVAL BRACELET,44,558.03,12.656538461538462,26
SET 4 VALENTINE DECOUPAGE HEART BOX,171,557.33,3.905076923076923,64
VINTAGE GLASS COFFEE CADDY,86,557.3000000000001,8.161538461538461,26
S/12 MINI RABBIT EASTER,337,556.53,1.8753521126760564,69
EDWARDIAN PHOTO FRAME,88,556.21,6.4440625,32
SQUARE MINI PORTRAIT FRAME,277,556.17,2.273396226415094,52
PINK  HONEYCOMB PAPER FAN,498,555.97,1.6775757575757575,65
EAU DE NILE HEART SHAPE PHOTO FRAME,329,555.1199999999999,2.337105263157895,38
SET OF 4 BLACK LOVEBIRD COASTERS,451,554.78,1.8233734939759036,82
BLUE GLASS GEMS IN BAG,588,553.8299999999999,1.37,57
PINK AND WHITE CHRISTMAS TREE 120CM,201,553.07,4.017058823529412,34
SET OF 4 PISTACHIO LOVEBIRD COASTER,475,553.01,1.8238709677419356,93
WOODLAND SMALL RED FELT HEART,678,552.02,0.9533333333333333,51
RETRO LONGBOARD IRONING BOARD COVER,285,551.51,2.583714285714286,105
TUMBLER NEW ENGLAND,1261,551.1899999999999,1.408867924528302,53
BLACK CHRISTMAS TREE 120CM,217,551.13,3.4596296296296294,27
FOLKART HEART NAPKIN RINGS,366,551.13,2.3904347826086956,69
CALENDAR FAMILY FAVOURITES,193,550.6,3.033728813559322,59
BLUE POLKADOT EGG CUP ,1075,550.43,1.0604615384615383,65
MEDIUM PARLOUR PICTURE FRAME ,136,550.0,4.126470588235295,34
SILVER DIAMANTE PEN IN GIFT BOX,173,548.93,3.803823529411765,66
PACK OF 6 PANETTONE GIFT BOXES,233,548.63,3.1944444444444446,18
WRAP BIRD GARDEN ,1305,548.1,0.42,52
ASSORTED TUTTI FRUTTI NOTEBOOK,247,547.76,2.56675,40
EMBOSSED HEART TRINKET BOX,246,547.27,2.623125,48
ORIGAMI ROSE INCENSE/CANDLE SET ,461,547.24,1.8228865979381443,97
GOLD FISHING GNOME,68,546.6,10.019166666666667,36
BOYS ALPHABET IRON ON PATCHES,1975,546.04,0.38494949494949493,99
FELT EGG COSY WHITE RABBIT ,579,544.7099999999999,1.1352727272727272,107
CUT GLASS T-LIGHT HOLDER OCTAGON,249,541.39,2.51448275862069,27
DOORSTOP FOOTBALL DESIGN,152,539.9,4.666716417910448,67
EMPIRE BIRTHDAY CARD,1206,538.72,0.5998639455782312,146
BLUE NEW BAROQUE CANDLESTICK CANDLE,449,536.41,2.384857142857143,35
CARD DOG AND BALL ,1229,535.78,0.5551908396946565,131
HANGING HEART BONHEUR,606,535.35,1.0450666666666666,69
SET OF 2 ROUND TINS DUTCH CHEESE,253,535.11,3.0289873417721522,79
CANDY SPOT HAND BAG,259,534.83,2.3871153846153845,51
HENRIETTA HEN MUG ,306,534.66,2.2404761904761905,42
METAL SIGN CUPCAKE SINGLE HOOK,696,534.24,1.369099099099099,111
MINI JIGSAW BAKE A CAKE ,1453,530.8,0.502,55
ORIGAMI SANDLEWOOD INCENSE/CAND SET,448,530.6,1.7973404255319148,94
ENAMEL BLUE RIM BISCUIT BIN,103,530.49,5.912272727272727,44
CHRISTMAS TREE DECORATION WITH BELL,1251,530.26,0.42296,125
ANTIQUE CREAM CUTLERY CUPBOARD,50,530.19,11.344722222222224,36
METAL TUBE CHIME ON BAMBOO,490,529.21,1.8033333333333335,15
SINGLE WIRE HOOK PINK HEART,414,528.6999999999999,1.6128571428571428,27
WRAP WEDDING DAY,1325,528.5,0.41641025641025636,39
PARTY INVITES DINOSAURS,611,528.2299999999999,0.9231914893617021,94
HEART BEADED TRELLIS DECORATION,249,528.1700000000001,2.2197727272727272,42
WRAP MONSTER FUN ,1257,527.94,0.42,49
WEEKEND BAG VINTAGE ROSE PAISLEY,69,527.85,7.65,1
FRENCH LATTICE CUSHION COVER ,452,527.25,1.9052307692307693,63
SILVER GLASS T-LIGHT SET,201,525.75,3.2276470588235298,17
CHILDS GARDEN TROWEL PINK,609,525.51,0.9174285714285714,104
ENAMEL PINK TEA CONTAINER,429,525.39,2.205277777777778,71
DECORATION  PINK CHICK MAGIC GARDEN,593,525.09,1.0403603603603602,109
EAU DE NILE JEWELLED PHOTOFRAME,298,525.0,2.092,22
BLUE DRAGONFLY HELICOPTER,65,524.5500000000001,8.051739130434783,45
FUSCHIA RETRO BAR STOOL,14,523.3000000000001,39.15,5
EASTER TIN CHICKS IN GARDEN,305,522.93,2.0107999999999997,50
WALL ART I LOVE LONDON ,99,521.73,7.0649999999999995,32
BEADED CRYSTAL HEART GREEN ON STICK,623,521.11,0.8377906976744186,172
PINK HEART SHAPE PHOTO FRAME,321,520.91,2.0585,39
DANISH ROSE BEDSIDE CABINET,13,519.35,39.95,10
EGG FRYING PAN PINK ,225,519.25,2.604418604651163,85
BLUE TV TRAY TABLE ,127,518.61,6.107435897435898,39
"DECORATION , WOBBLY RABBIT , METAL ",293,518.03,2.13125,48
PAINTED YELLOW WOODEN DAISY,612,516.79,0.8565833333333333,117
FOLDING UMBRELLA WHITE/RED POLKADOT,104,513.02,5.247777777777778,36
T-LIGHT HOLDER WHITE LACE,588,512.93,1.1177941176470587,68
IVORY WIRE SWEETHEART LETTER TRAY,135,511.89,4.034081632653061,49
ORANGE SCENTED SET/9 T-LIGHTS,600,511.04999999999995,1.035909090909091,87
RED/CREAM STRIPE CUSHION COVER ,414,509.9,1.2468333333333335,60
POCKET BAG PINK PAISELY BROWN SPOT,468,509.59,1.2945833333333334,95
CUPID DESIGN SCENTED CANDLES,225,509.07,2.9211627906976743,43
PACK 20 ENGLISH ROSE PAPER NAPKINS,554,508.36999999999995,1.1018518518518519,80
PINK POLKADOT CHILDRENS UMBRELLA,140,506.96,4.205744680851064,46
SQUARECUSHION COVER PINK UNION FLAG,72,506.34000000000003,7.460625,32
PAPER LANTERN 9 POINT HOLLY STAR L,75,506.01,7.492,20
BLUE PAISLEY SKETCHBOOK,120,505.97,4.461746031746031,63
ROSE DU SUD OVEN GLOVE,185,505.20000000000005,2.66231884057971,69
PARTY CONES CARNIVAL ASSORTED,404,504.88,2.227826086956522,22
RIDGED GLASS FINGER BOWL,974,504.68,0.9606666666666667,59
WALL ART ANIMALS AND NATURE ,153,504.59000000000003,4.163870967741936,31
DECORATION WOBBLY RABBIT METAL ,830,504.46,1.225820895522388,67
BEACH HUT SHELF W 3 DRAWERS,81,504.43,7.804193548387097,31
SILVER ROCCOCO CHANDELIER,14,504.32,39.39666666666667,9
VINTAGE RED TEATIME MUG,317,504.15,1.7896103896103894,76
UNION STRIPE CUSHION COVER ,403,503.75,1.25,65
FRAPPUCINO SCARF KNITTING KIT,343,502.74,1.9437333333333333,73
FOLDING UMBRELLA PINKWHITE POLKADOT,107,501.98,4.822666666666667,45
MIDNIGHT GLAMOUR SCARF KNITTING KIT,324,501.44,1.9223529411764706,85
POPPY FIELDS CHOPPING BOARD,93,501.23,5.598888888888888,45
SNOWSTORM PHOTO FRAME FRIDGE MAGNET,591,500.90999999999997,0.9998245614035087,57
GLASS BONNE JAM JAR,120,500.82000000000005,4.441851851851852,27
SET OF 6 RIBBONS COUNTRY STYLE,172,499.18,3.543846153846154,26
SET OF 36 DINOSAUR PAPER DOILIES,335,499.08,1.6887692307692308,65
PINK PAISLEY ROSE GIFT WRAP,1225,498.5,0.418,40
RETROSPOT BABUSHKA DOORSTOP,251,495.2,2.802037037037037,54
CHILDS GARDEN RAKE BLUE,206,494.89000000000004,2.73421875,62
GARDEN PATH SKETCHBOOK,122,493.57,4.450862068965517,57
TOAST ITS - HAPPY BIRTHDAY,411,493.29,1.1811111111111112,108
PINK/WHITE CHRISTMAS TREE 60CM,684,493.01,1.4949999999999999,42
WOVEN FROST CUSHION COVER,117,492.79,4.221525423728814,59
VINTAGE PINK DECORATIVE PARASOL,88,489.74,8.200000000000001,24
HANGING SPRING FLOWER EGG SMALL,1197,489.17,0.6436111111111111,72
BLUE  DIAMANTE PEN IN GIFT BOX,129,488.13,4.301481481481481,54
DOLLY HONEYCOMB GARLAND,474,485.46,1.7524000000000002,25
PAINTED PINK RABBIT ,572,485.15999999999997,0.8598561151079136,136
DANISH ROSE TRINKET TRAYS,259,483.05,3.877741935483871,31
LAUREL STAR ANTIQUE GOLD,379,483.03,1.57225,40
ASSORTED MINI MADRAS NOTEBOOK,976,481.95,0.8446428571428571,28
SET OF 4 NAPKIN CHARMS CROWNS ,300,481.88,2.2776923076923077,52
ORIGAMI LAVENDER INCENSE/CANDL SET ,420,481.79999999999995,1.7676470588235293,85
JIGSAW TREE WITH WATERING CAN,1047,480.62999999999994,0.792135922330097,101
PINK ENAMEL+GLASS HAIR COMB,263,480.5,2.059354838709677,31
PINK UNION JACK  LUGGAGE TAG,348,480.25,1.5743076923076922,121
COSY SLIPPER SHOES LARGE GREEN,147,480.1700000000001,3.8230000000000004,40
CLASSIC GLASS SWEET JAR,119,479.45000000000005,4.092857142857143,14
FAIRY SOAP SOAP HOLDER,266,478.83,2.053421052631579,76
PANTRY HOOK BALLOON WHISK ,213,477.89,2.777872340425532,47
BABY BOOM RIBBONS ,378,477.34,1.2898901098901099,88
LADYBIRD + BEE RAFFIA FOOD COVER,123,476.41,4.1597297297297295,37
SMALL PINK GLASS SUNDAE DISH,939,476.38,1.1465,40
SET OF 6 RIBBONS PARTY,170,476.0,3.40875,16
COSY HOUR GIANT TUBE MATCHES,195,475.65,2.5344827586206895,26
CANDY SPOT EGG WARMER HARE,708,475.18,0.8860674157303371,88
ELEPHANT BIRTHDAY CARD ,1110,474.78,0.5482105263157895,95
CAKE STAND VICTORIAN FILIGREE LARGE,56,471.86,8.427142857142856,35
MIRRORED WALL ART PHOTO FRAMES,89,470.16999999999996,5.890851063829787,46
WALL ART CAT AND BIRD ,143,469.73,4.424,40
PARTY FOOD SHOPPER BAG,400,469.63,1.3158108108108109,73
CRAZY DAISY HEART DECORATION,464,468.39,1.0885906040268456,149
BLUE POLKADOT PASSPORT COVER,309,466.99,2.5613684210526313,95
FLYING PIG WATERING CAN,193,466.95000000000005,3.2604166666666665,47
GOLD PHOTO FRAME,216,466.53000000000003,2.737948717948718,39
WHITE HAND TOWEL WITH BUTTERFLY,184,466.3,3.976666666666667,27
CERAMIC LOVE HEART MONEY BANK,732,466.18,1.405111111111111,45
PACK OF 12 RED APPLE TISSUES,1220,465.36,0.5376623376623376,76
MIRRORED WALL ART SKULLS,304,463.79,2.366739130434783,46
SMALL PARLOUR PICTURE FRAME,165,462.45,2.8782352941176472,33
BLACK CHRISTMAS TREE 60CM,558,460.64,1.9308,25
ROSE DU SUD CUSHION COVER,78,460.58,5.887391304347826,46
WRAP KEEP CALM BIRTHDAY,1125,460.5,0.4183333333333333,36
PARTY PIZZA DISH PINK POLKADOT,1225,459.81,0.6346052631578947,76
PARTY INVITES JAZZ HEARTS,528,458.31,0.9322549019607843,102
PARTY INVITES SPACEMAN,538,457.38,0.8575675675675676,74
PAPER LANTERN 5 POINT STAR MOON ,108,456.48,4.564,20
ASSORTED LAQUERED INCENSE HOLDERS,2545,455.9800000000001,0.3025,24
LILAC DIAMANTE PEN IN GIFT BOX,141,454.99,4.154603174603174,63
SET OF 3 GOLD FLYING DUCKS,127,454.65,5.35,21
HAND TOWEL PALE BLUE W FLOWERS,223,453.39,3.9479310344827585,29
EAU DE NIL LOVE BIRD CANDLE,429,452.86,1.218913043478261,46
EASTER DECORATION SITTING BUNNY,529,452.79999999999995,1.0614285714285714,75
PACK 3 BOXES BIRD PANETTONE ,204,451.84,3.4170967741935483,31
PARTY INVITES FOOTBALL,488,451.7,1.0548192771084337,83
ASSORTED TUTTI FRUTTI KEYRING BALL,1153,451.59,1.0971428571428572,49
WRAP MAGIC FOREST ,1075,451.5,0.42,43
MINI PLAYING CARDS FUN FAIR ,1062,451.46000000000004,0.4865151515151515,65
DOORMAT FRIENDSHIP ,27,451.10999999999996,16.712352941176473,17
CHILDS GARDEN RAKE PINK,199,447.63000000000005,2.5105797101449276,69
RED HEART LUGGAGE TAG,304,447.34,1.6915841584158415,96
ABSTRACT CIRCLE JOURNAL ,184,447.25,2.4995833333333333,72
MIRRORED WALL ART STARS,363,447.09000000000003,1.972962962962963,52
NEW BAROQUE JEWELLERY BOX ,53,446.89,9.4516,25
SET OF 4 NAPKIN CHARMS 3 KEYS ,237,446.84,2.5242105263157892,57
PLASMATRONIC LAMP,71,446.45,8.1356,25
PINK FLOWER FABRIC PONY,115,446.23,4.163541666666666,48
CHRISTMAS MUSICAL ZINC TREE,990,446.2,0.6635416666666666,95
RECTANGULAR SHAPED MIRROR,512,446.15000000000003,1.4297297297297298,37
CLAM SHELL SMALL ,219,446.02000000000004,2.722391304347826,46
SET/4 BADGES DOGS,338,445.01,1.5551685393258428,89
RIDGED GLASS POSY VASE ,219,444.58,2.208085106382979,47
RABBIT  DESIGN  COTTON TOTE BAG,181,444.07,2.890483870967742,62
VINTAGE KEEPSAKE BOX TRAVELOGUE,82,441.89,5.576964285714285,56
SET OF 4 NAPKIN CHARMS LEAVES   ,238,441.83,2.1975,48
IVORY STRING CURTAIN WITH POLE ,170,440.62,4.99,28
PAPERWEIGHT CHILDHOOD MEMORIES,266,440.34,2.7905555555555552,36
TROPICAL PASSPORT COVER ,262,439.65,2.136767676767677,99
GREEN FERN JOURNAL ,176,438.57,2.647272727272727,55
RIDGED BONNE JAM JAR T-LIGHT HOLDER,274,437.81999999999994,1.7651999999999999,25
SILVER GLITTER FLOWER VOTIVE HOLDER,1409,437.59,0.49448275862068963,57
BEADED CRYSTAL HEART BLUE  LARGE,482,437.22,1.077659574468085,46
SMALL LICORICE DES PINK BOWL,574,436.78,1.0889411764705883,85
EIGHT PIECE SNAKE  SET,330,435.79,1.4801176470588235,84
MINI JIGSAW BUNNIES,1142,435.67,0.5626666666666666,75
TABLE LAMP WHITE SHADE WOOD BASE,78,434.12,6.554,20
VINTAGE BEAD NOTEBOOK,150,433.19,3.3453846153846154,52
BLACK BAROQUE CARRIAGE CLOCK,51,432.78999999999996,8.475142857142856,35
BUNNY WOODEN PAINTED WITH FLOWER ,568,432.46,0.9327184466019417,101
CHRISTMAS HANGING SNOWFLAKE,490,430.86,1.2252083333333335,48
MRS ROBOT SOFT TOY,143,428.85,4.807142857142857,28
ROSE DU SUD DRAWSTRING BAG,125,428.66,3.3995454545454544,66
SET/6 FRUIT SALAD PAPER CUPS,1678,428.28000000000003,0.41398058252427183,103
"CHARLIE+LOLA""EXTREMELY BUSY"" SIGN",683,428.0,1.2516981132075473,105
VINTAGE SHELLS PRINT,50,427.46000000000004,9.839375,32
LARGE PARLOUR PICTURE FRAME,85,427.03000000000003,5.135862068965517,29
UNION FLAG WINDSOCK,387,426.94,1.345,22
RETRO PLASTIC POLKA TRAY,866,426.65999999999997,0.698735632183908,81
DOG AND BALL WALL ART,252,425.87999999999994,2.26,4
SET/3 POT PLANT CANDLES,68,424.46000000000004,7.133125,32
BLUE SCOTTIE DOG W FLOWER PATTERN,177,424.08,2.396734693877551,49
3D SHEET OF DOG STICKERS,426,423.99,1.2454310344827586,116
GREEN SWEETHEART BRACELET,103,423.41,4.187727272727273,44
GLASS CHALICE BLUE SMALL ,694,421.78,1.318,49
LAZER CUT NECKLACE W PASTEL BEADS,57,421.75,8.61,5
RED SHARK HELICOPTER,52,421.18,8.079444444444444,36
IVORY PILLAR CANDLE GOLD FLOCK,144,421.13000000000005,3.036666666666667,30
GREEN FERN SKETCHBOOK ,106,420.08,4.153214285714286,56
SILVER FISHING GNOME ,52,419.52000000000004,9.361851851851853,27
SUMMER DAISIES BAG CHARM,167,417.96,2.4803409090909088,88
SET/12 FUNKY FELT FLOWER PEG IN BAG,223,416.91,2.0664583333333333,48
CANDLE PLATE LACE WHITE,193,416.59999999999997,2.6326785714285714,56
CHRYSANTHEMUM SKETCHBOOK ,102,416.05,4.255762711864407,59
JINGLE BELLS TREE DECORATION,203,415.77,2.046493506493506,76
MONEY BOX POCKET MONEY DESIGN,372,415.36,1.431857142857143,70
PING! MICROWAVE PLATE,152,415.09000000000003,3.1066666666666665,63
RETROSPOT CANDLE  MEDIUM,365,413.88,2.175581395348837,43
CAKES AND BOWS GIFT  TAPE,1166,413.76,0.761505376344086,93
ANT COPPER LIME BOUDICCA BRACELET,83,412.74,4.986000000000001,50
DOLLY CABINET 2 DRAWERS ,33,412.5,12.5,19
WHITE STITCHED CUSHION COVER,57,412.23,7.2995652173913035,22
HOME SWEET HOME HOOK,328,412.17999999999995,1.4517021276595745,47
WHITE CANDYSTUFT ARTIFICIAL FLOWER,308,411.55999999999995,1.387,20
GLITTER CHRISTMAS TREE,906,410.91,0.5645901639344262,58
PIN CUSHION BABUSHKA BLUE,137,410.81,3.2939999999999996,45
SILVER PHOTO FRAME,136,409.83,3.0435135135135134,37
LOLITA  DESIGN  COTTON TOTE BAG,176,409.72,2.574,50
BLUE SCANDINAVIAN PAISLEY WRAP,975,409.5,0.42,39
HANGING WOOD AND FELT BUTTERFLY ,895,408.99,0.5677272727272727,127
HOUSE SHAPE PENCIL SHARPENER,3048,407.71999999999997,0.5172,100
DANISH ROSE DELUXE COASTER,935,407.15,0.614390243902439,40
FOLKART CLIP ON STARS,783,404.08,0.8463366336633662,100
MONEY BOX KINGS CHOICE DESIGN,346,403.46,1.5136904761904764,84
GINGHAM BABUSHKA DOORSTOP,210,402.74,2.394285714285714,42
MINI LADLE LOVE HEART RED ,865,401.18,0.6414285714285715,153
EGG FRYING PAN BLUE ,173,400.84000000000003,2.511578947368421,76
SNACK TRAY RED VINTAGE DOILY,198,400.03999999999996,2.4010526315789473,37
RED RETRO KITCHEN WALL CLOCK,47,400.01,8.887391304347826,23
T-LIGHT HOLDER SILVER HEART HANDLE,199,399.71,2.3906896551724137,28
PARTY PIZZA DISH BLUE POLKADOT,1117,399.05,0.5980821917808219,71
TUSCAN VILLA DOVECOTE BIRD FEEDER,43,399.03,10.403478260869566,23
CONDIMENT TRAY 4 BOWLS AND 4 SPOONS,37,399.02,11.486666666666666,26
GOLD STANDING GNOME,106,398.02,5.6049999999999995,28
"DECORATION , WOBBLY CHICKEN, METAL ",234,397.71999999999997,1.9820000000000002,35
ESSENTIAL BALM 3.5g TIN IN ENVELOPE,5884,395.61,0.27483870967741936,30
HEART TRELLIS TRIPLE T-LIGHT HOLDER,129,395.11,3.8125806451612902,30
MILK MAIDS MUG ,219,393.59,2.2335294117647058,33
BIRTHDAY BANQUET GIFT WRAP,975,393.5,0.4175,32
PINK ROSE FABRIC MIRROR,331,393.46999999999997,1.3503225806451613,62
ASSORTED COLOUR LIZARD SUCTION HOOK,994,393.0,0.4160655737704918,55
BLACK SWEETHEART BRACELET,93,392.83,4.204893617021276,47
IVORY SWEETHEART SOAP DISH,148,390.75000000000006,2.9436734693877553,49
SET/3 POLKADOT STACKING TINS,78,389.55,5.624137931034483,29
ASSTD DESIGN 3D PAPER STICKERS,1162,389.38,0.5578787878787879,31
MIRRORED WALL ART SNOWFLAKES,512,389.04,0.8572340425531915,47
EGG FRYING PAN MINT ,180,388.75,2.287971014492754,69
BLUE VICTORIAN FABRIC OVAL BOX,925,388.57,0.6903,100
S/2 ZINC HEART DESIGN PLANTERS,39,388.04999999999995,9.95,28
FELT FARM ANIMAL CHICKEN,286,387.9,1.6088235294117645,50
BELL HEART DECORATION,252,387.0,1.6277777777777775,9
HEARTS GIFT TAPE,1176,385.47,0.5863157894736841,94
GREEN BITTY LIGHT CHAIN,194,383.25,2.819166666666667,60
CUTE CATS TAPE,1102,383.11,0.6788607594936709,79
BLUE PATCH PURSE PINK HEART,242,383.02,1.685609756097561,41
MULTICOLOUR  CONFETTI IN TUBE,284,382.9599999999999,1.6192592592592592,27
VEGETABLE GARDEN CHOPPING BOARD,76,382.44,6.240909090909091,22
BLUE CUSHION COVER WITH FLOWER,58,381.78000000000003,6.534827586206896,29
WHITE MOROCCAN METAL LANTERN,69,381.54999999999995,6.704615384615384,26
PARTY PIZZA DISH GREEN POLKADOT,1034,381.09,0.5978333333333333,59
HAWAIIAN GRASS SKIRT ,324,380.36,1.4353571428571428,28
POPART WOODEN PENCILS ASST,8900,380.0,0.043478260869565216,68
WOVEN SUNSET CUSHION COVER ,89,378.29,4.200810810810811,37
ANT COPPER TURQ BOUDICCA BRACELET,76,377.88,4.984594594594594,37
PINK POLKADOT PLATE ,220,377.56,2.1284,25
RIBBONS PURSE ,192,377.2,2.0466666666666664,51
TURQ+RED BOUDICCA LARGE BRACELET,54,377.04,7.003076923076923,26
PAIR PADDED HANGERS PINK CHECK,112,376.27000000000004,3.3988372093023256,43
ORIGAMI VANILLA INCENSE/CANDLE SET ,323,375.93,1.9546969696969696,65
LA JARDIN BOTANIQUE CUSHION COVER,87,375.53,5.007142857142857,28
MADRAS NOTEBOOK LARGE ,271,374.96000000000004,2.263125,16
RETROSPOT CANDLE  SMALL,403,374.49,2.0392857142857146,42
GRASS HOPPER WOODEN WALL CLOCK ,272,374.12,2.9629411764705886,34
DOLLCRAFT BOY JEAN-PAUL ,82,373.9,4.883333333333334,12
STRAWBERRIES  DESIGN FLANNEL ,358,373.34,1.3124528301886793,105
HAND TOWEL PINK FLOWER AND DAISY,217,372.33,3.890869565217391,23
SILVER VANILLA  FLOWER CANDLE POT,95,369.87,4.273846153846154,26
PINK & WHITE BREAKFAST TRAY,96,369.84000000000003,4.716285714285714,35
CAMOUFLAGE EAR MUFF HEADPHONES,53,368.08,7.535185185185185,27
SNACK TRAY PAISLEY PARK,179,367.34999999999997,2.5823529411764703,32
ANIMAL STICKERS,1749,367.29,0.21,46
MAGIC DRAWING SLATE LEAP FROG ,1072,366.75,0.4473333333333333,73
CHALKBOARD KITCHEN ORGANISER,11,366.73,37.61,8
GLASS CHALICE GREEN  LARGE ,197,364.22,2.941,19
EASTER DECORATION NATURAL CHICK,536,363.55,0.7798571428571429,64
RETROSPOT CANDLE  LARGE,273,362.12,2.675,30
SMALLFOLKART BAUBLE CHRISTMAS DEC,688,361.81,1.430731707317073,41
PINK SPOTS CHOCOLATE NESTING BOXES ,140,361.55999999999995,3.31,6
ROSE DU SUD COSMETICS BAG,96,360.84,3.6173076923076923,52
SMALL FOLDING SCISSOR(POINTED EDGE),2892,360.71,0.13614285714285712,70
DECORATIVE HANGING SHELVING UNIT,6,359.70000000000005,59.95,5
PARTY INVITES BALLOON GIRL,405,359.28999999999996,0.946619718309859,71
SNACK TRAY I LOVE LONDON,169,358.75,2.6265714285714283,35
DENIM PATCH PURSE PINK BUTTERFLY,216,357.28999999999996,1.670327868852459,61
HEART BUTTONS JEWELLERY BOX,68,356.11,5.318666666666667,30
PINK LOVE BIRD CANDLE,351,356.08,1.3084,50
BLACK LOVE BIRD CANDLE,329,356.06,1.4383870967741934,62
PACK 3 IRON ON DOG PATCHES,294,355.84,1.2592307692307692,65
PANDA AND BUNNIES STICKER SHEET,408,355.83,0.9703703703703703,81
GREEN ENAMEL+GLASS HAIR COMB,184,355.64,2.074,54
SKULLS SQUARE TISSUE BOX,755,354.82,1.1886440677966101,59
SMALL POP BOX FUNKY MONKEY,258,353.98,1.5590909090909089,87
RED VICTORIAN FABRIC OVAL BOX,862,352.25,0.6579591836734694,98
PANTRY HOOK TEA STRAINER ,164,351.37,2.33625,32
SMALL FOLKART STAR CHRISTMAS DEC,1245,350.48,0.860909090909091,54
CERAMIC STRAWBERRY TRINKET TRAY,137,350.46999999999997,2.590869565217391,69
RIDGED GLASS STORAGE JAR CREAM LID,98,350.22,3.7310526315789474,18
ALPHABET HEARTS STICKER SHEET,397,350.08,1.0294915254237287,59
DECORATION SITTING BUNNY,1480,349.54,0.422,83
CUBIC MUG PINK POLKADOT,494,349.35,2.7468749999999997,47
PANTRY HOOK SPATULA,160,349.2,2.5148484848484847,33
GREEN GOOSE FEATHER TREE 60CM,167,349.17,2.4969767441860466,42
MAGIC DRAWING SLATE GO TO THE FAIR ,851,349.03,0.46014285714285713,70
SCOTTIES CHILDRENS APRON,210,348.91999999999996,1.6921052631578946,57
WAKE UP COCKEREL CALENDAR SIGN ,81,348.59000000000003,4.996363636363636,33
PAPER LANTERN 9 POINT HOLLY STAR S,83,348.59000000000003,4.347142857142858,20
PORCELAIN ROSE LARGE ,299,348.43000000000006,1.3821428571428573,14
ROSE DU SUD WASHBAG ,73,348.19,4.6192,50
SET/4 BADGES BEETLES,265,348.19,1.5762162162162163,73
GEMSTONE CHANDELIER T-LIGHT HOLDER,78,347.70000000000005,4.835714285714286,7
BLUE POLKADOT LUGGAGE TAG ,265,346.86,1.575897435897436,78
BLUE & WHITE BREAKFAST TRAY,94,346.3,4.016315789473684,38
GREEN CAT FLORAL CUSHION COVER ,73,345.17,4.981111111111112,54
HELLO SAILOR BLUE SOAP HOLDER,180,344.34000000000003,2.3567924528301885,53
MIRROR MOSAIC CANDLE PLATE,288,343.71,1.58,59
SILVER FLOWR PINK SHELL NECKLACE,53,342.76000000000005,7.21,4
BEADED CRYSTAL HEART PINK SMALL,207,342.74,1.9433846153846153,65
SILVER ROCOCO CANDLE STICK,146,340.7,3.3785714285714286,14
FRUIT TREE AND BIRDS WALL PLAQUE,40,340.58,8.713333333333333,24
WALL ART TREASURE AHOY ,90,340.35,4.158399999999999,25
SET/4 BADGES CUTE CREATURES,261,340.22,1.3612962962962964,54
MINI JIGSAW DINOSAUR ,809,338.23,0.6317647058823529,101
WHITE SAGE INCENSE,1432,337.14,0.34253731343283583,67
DOLLCRAFT GIRL NICOLE,68,336.6,4.95,12
COFFEE SCENT PILLAR CANDLE,324,335.78999999999996,1.1914516129032255,61
PHOTO CLIP LINE,236,334.98,1.7107999999999999,49
CINNAMON SCENTED VOTIVE CANDLE,1288,333.2,0.2776923076923077,39
FELT FARM ANIMAL HEN,481,332.84,1.0475555555555556,44
BLACK LOVE BIRD T-LIGHT HOLDER,186,332.14,2.971724137931034,29
SMALL KITCHEN FLOWER POTS PLAQUE,50,331.5,6.668918918918919,37
DOOR HANGER  MUM + DADS ROOM,205,330.71999999999997,1.8424242424242423,66
MINI  ZINC GARDEN DECORATIONS ,829,330.54999999999995,0.8269696969696969,33
PURPLE SWEETHEART BRACELET,78,328.44,4.1948,50
FLOWERS TILE COASTER,968,327.79999999999995,0.5441025641025641,39
DOILEY BISCUIT TIN,120,327.6,2.8592307692307695,13
PIECE OF CAMO STATIONERY SET,3380,326.56,0.0967741935483871,31
PINK JEWELLED PHOTO FRAME ,62,326.35,5.931052631578948,19
HANGING WOOD AND FELT FLOWER,2050,325.35999999999996,0.3334285714285714,104
CANDLE HOLDER SILVER MADELINE,196,325.15999999999997,1.886,20
WOODLAND LARGE PINK FELT HEART,285,324.40000000000003,1.5130769230769232,13
CHUNKY SILVER NECKLACE PASTEL FLOWE,32,324.01,10.19391304347826,23
CAT AND BIRD WALL ART,270,323.64,2.005,4
PINK FELT EASTER RABBIT GARLAND,122,323.15,2.8713333333333333,29
BLUE EGG  SPOON,1857,322.18,0.25075471698113205,106
PARTY TIME PENCIL ERASERS,1396,321.67,0.3123880597014925,134
BLUE PAISLEY TISSUE BOX,670,321.40000000000003,0.5719780219780219,91
CHARLOTTE BAG ALPHABET  DESIGN,400,320.5,0.838181818181818,22
SKULLS STORAGE BOX LARGE,87,320.49,4.644,30
KITTY PENCIL ERASERS,1438,320.09,0.30455882352941177,136
MIRRORED WALL ART POPPIES,287,319.71,1.6355263157894737,38
FORKED CACTUS CANDLE,100,319.66,3.7341176470588238,34
MILK PAN PINK POLKADOT,64,319.35,5.68972972972973,37
DECORATION WOBBLY CHICKEN,560,319.14,1.181111111111111,45
ANT COPPER PINK BOUDICCA BRACELET,64,318.89000000000004,4.997941176470588,34
SET OF 6 HALLOWEEN GHOST T-LIGHTS,691,317.83,0.6486746987951807,83
PINK SCOTTIE DOG W FLOWER PATTERN,133,317.44,2.511764705882353,51
FUNKY MONKEY CUSHION COVER,232,317.16999999999996,2.807608695652174,46
NEWSPAPER STAND,27,316.95000000000005,19.874000000000002,5
SET/6 BLACK BIRD T-LIGHT CANDLES,215,316.75,2.3964102564102565,39
PEACH KNITTED HEN ,315,316.46,1.0498333333333332,60
GREEN HEART COMPACT MIRROR,218,315.81,2.417058823529412,33
SPACE OWL,255,315.75,1.5561764705882353,68
VINTAGE ROSE BEAD BRACELET RASPBERR,75,315.73,4.195227272727273,44
SCOTTIES DESIGN WASHBAG,170,314.54999999999995,1.9028571428571428,56
PINK GINGHAM CAT WITH SCARF,144,314.51,2.2963333333333336,30
FAIRY DREAMS INCENSE ,1264,313.31,0.3538613861386139,101
DOILY THANK YOU CARD,741,313.24,0.5042105263157894,57
HANGING WOOD AND FELT HEART,672,313.13,0.5484821428571428,106
SKULLS DESIGN FLANNEL,287,313.01,1.3337864077669903,103
MISELTOE HEART WREATH ,80,312.8,4.07,5
LARGE CAMPHOR WOOD FIELD MUSHROOM ,41,312.77,8.400357142857143,27
FLOOR LAMP SHADE WOOD BASE,33,312.7,10.543076923076923,13
BLACK EAR MUFF HEADPHONES,47,312.7,7.693793103448276,28
BABY MOUSE RED GINGHAM DRESS,73,310.25,4.25,21
KITTENS DESIGN FLANNEL,337,310.19,1.1922772277227722,100
SET OF 4 POLKADOT COASTERS,172,310.03,1.9944155844155844,77
SET/6 BEAD COASTERS GAUZE BAG GOLD,582,309.29999999999995,1.9044444444444442,27
GREEN BIRDHOUSE DECORATION,437,307.94,1.0454237288135593,59
CHRISTMAS HANGING HEART WITH BELL,231,307.59999999999997,1.6842307692307692,26
LOVELY BONBON STICKER SHEET,345,307.44,1.0569491525423729,58
SET OF 3 PANTRY WOODEN SPOONS,225,306.66,1.7221951219512195,41
SET OF 2 TEA TOWELS PING MICROWAVE,149,306.16,2.4578947368421056,76
BLACK SQUARE TABLE CLOCK,116,305.2,3.4323333333333332,30
CHRISTMAS CARD SCREEN PRINT ,1238,304.5,0.29765625,64
MISELTOE HEART WREATH WHITE,78,304.5,4.050000000000001,4
BOTANICAL ROSE GIFT WRAP,725,304.5,0.42,28
3 TRADITIONAL COOKIE CUTTERS  SET,162,304.20000000000005,2.0375,4
SET OF 4 NAPKIN CHARMS INSTRUMENT,139,303.72999999999996,2.5927027027027023,37
BLUE RETRO KITCHEN WALL CLOCK,36,301.88,8.621111111111112,18
WALL ART DOG AND BALL ,102,301.56,3.883571428571429,28
WHITE/PINK CHICK DECORATION,252,301.26,1.685,20
COLUMBIAN CANDLE RECTANGLE,181,299.90999999999997,1.688,29
MONEY BOX BISCUITS DESIGN,228,299.72,1.5082456140350877,57
WOOD AND GLASS MEDICINE CABINET,10,299.5,29.95,10
PAINT YOUR OWN EGGS IN CRATE,164,299.36,2.022,5
VINTAGE NOTEBOOK PARIS DAYS,107,298.27,3.1816666666666666,24
AMETHYST CHUNKY BEAD BRACELET W STR,33,297.94,9.054285714285713,21
4 SKY BLUE DINNER CANDLES,150,297.91,2.209516129032258,62
MINI LADLE LOVE HEART PINK,528,297.4,0.6704216867469879,166
MIXED NUTS LIGHT GREEN BOWL,568,296.45,0.8294117647058823,68
DOLLCRAFT GIRL AMELIE KIT,66,294.7,4.8500000000000005,8
WOVEN CANDY CUSHION COVER ,68,292.56,4.2412820512820515,39
QUEEN OF SKIES LUGGAGE TAG,197,292.29,1.7224242424242426,99
MULTICOLOUR RABBIT EGG WARMER,319,292.07,0.973,70
BLUE BIRDHOUSE DECORATION,421,292.03,1.0741935483870966,62
EGG CUP HENRIETTA HEN PINK,211,291.58,1.823157894736842,37
WRAP CHRISTMAS SCREEN PRINT,1050,291.5,0.2736363636363636,33
CURIO CABINET LINEN AND LACE ,36,290.1,8.027777777777779,18
LUNCH BAG RED SPOTTY,200,290.0,1.45,1
MEDIUM CHINESE STYLE SCISSOR,662,289.98,0.48833333333333334,24
TOYBOX  WRAP ,726,288.92,0.4165217391304348,23
CORDIAL GLASS JUG,34,288.88,8.742941176470588,16
PAPER LANTERN 5 POINT SEQUIN STAR,50,287.5,5.75,21
QUEEN OF THE SKIES PASSPORT COVER ,148,286.39,2.0278947368421054,76
 4 PURPLE FLOCK DINNER CANDLES,142,285.7,2.45051282051282,38
IVORY HANGING DECORATION  EGG,709,285.64,0.5614545454545454,51
COLUMBIAN CANDLE ROUND,412,285.39,0.83328125,51
ICON MUG REVOLUTIONARY,703,284.49,0.4107228915662651,81
"PINK/WHITE ""KEEP CLEAN"" BULLET BIN",76,283.96000000000004,4.502727272727273,33
WHITE AND BLUE CERAMIC OIL BURNER,192,283.93,1.955952380952381,42
PACK OF 12 CHRISTMAS FUN CARDS,106,283.79,2.632162162162162,37
RIDGED GLASS T-LIGHT HOLDER,412,283.51,0.8558139534883721,43
CARTOON  PENCIL SHARPENERS,3821,283.31,0.26984375,64
BLUE  TILE HOOK,99,282.78999999999996,3.573928571428571,27
CHRYSANTHEMUM NOTEBOOK,169,282.48999999999995,1.7029999999999998,80
SMALL PINK MAGIC CHRISTMAS TREE,645,282.38,0.6804878048780487,40
PEARLISED IVORY HEART SMALL ,228,281.17,1.28125,29
FELT FARM ANIMAL SHEEP,373,280.42,1.0997727272727273,42
STANDING FAIRY POLE SUPPORT ,346,278.5,0.8322727272727272,22
GREEN METAL SWINGING BUNNY,319,278.16999999999996,0.9799999999999999,42
SWEETIES  STICKERS,301,277.24,1.1344,50
WRAP DAISY CARPET ,660,277.2,0.42,25
DECORATIVE VINTAGE COFFEE  BOX,52,277.0,6.240909090909091,22
MIRRORED DOVE WALL DECORATION,116,276.72,2.6748000000000003,24
4 ROSE PINK DINNER CANDLES,184,276.59,2.071818181818182,44
LA PALMIERA TILE COASTER,709,276.53,0.8079999999999999,34
ZINC WIRE SWEETHEART LETTER TRAY,83,275.62,3.9765217391304346,23
SET OF SKULL WALL STICKERS,95,274.37,3.3560000000000003,20
EASTER BUNNY GARLAND OF FLOWERS,567,273.64,0.631625,79
VINTAGE CARAVAN GIFT WRAP,650,273.0,0.42,27
SILVER DISCO HANDBAG,129,272.99,2.485,35
TRIPLE WIRE HOOK PINK HEART,79,272.91,4.2404,25
JUMBO BAG VINTAGE DOILEY ,144,272.57,2.3314285714285714,7
SILVER MINI TAPE MEASURE ,158,271.21999999999997,1.7962962962962963,26
BLUE PAISLEY POCKET BOOK,306,271.16999999999996,0.9903225806451613,62
TUB 24 PINK FLOWER PEGS,164,271.03999999999996,1.6734482758620688,58
WOODLAND SMALL BLUE FELT HEART,312,270.96,1.0405263157894737,37
CURIOUS  IMAGES NOTEBOOK SET,182,270.72,2.997272727272727,11
STRAWBERRY DREAM CHILDS UMBRELLA,80,270.56,3.5517142857142856,35
STAR  T-LIGHT HOLDER ,158,270.22999999999996,2.007,29
ZINC TOP  2 DOOR WOODEN SHELF ,13,270.08,21.094166666666666,12
HAND OPEN SHAPE DECO.WHITE,92,270.02000000000004,3.0840000000000005,5
DOORSTOP RACING CAR DESIGN,122,269.71,3.3035135135135136,37
BUNNY EGG GARLAND,528,269.17,0.6543037974683544,78
RAIN PONCHO ,411,268.76,0.9719999999999999,5
ASSORTED TUTTI FRUTTI HEART BOX,215,268.75,1.25,32
MOROCCAN BEATEN METAL MIRROR,19,268.1,16.092307692307692,13
ORIGAMI ROSE INCENSE IN TUBE,535,267.82,1.2453846153846153,13
"FLOWER FAIRY,5 SUMMER B'DRAW LINERS",105,267.75,2.55,25
12 PINK ROSE PEG PLACE SETTINGS,214,267.5,1.25,21
STRAWBRY SCENTED VOTIVE CANDLE,1101,267.45,0.26666666666666666,24
PINK GOOSE FEATHER TREE 60CM,131,267.21,2.568947368421053,19
CHRYSANTHEMUM  JOURNAL,102,267.13,2.7685,40
TUMBLER BAROQUE,525,266.19,0.9255000000000001,40
VINTAGE KITCHEN PRINT FRUITS,85,266.15,3.9972413793103443,29
MOUSEY LONG LEGS SOFT TOY,97,266.03,3.0048780487804874,41
"GARLAND, VINTAGE BELLS",92,265.88,2.89,10
S/4 BLACK MINI ROSE CANDLE IN BOWL,305,265.77,1.5844776119402983,67
PURPLE BOUDICCA LARGE BRACELET,38,264.94,6.982,15
WOODLAND LARGE RED FELT HEART,205,264.72,1.4700000000000002,22
PINK BOUDICCA LARGE BRACELET,38,264.7,6.97,12
CLEAR LOVE BIRD T-LIGHT HOLDER,92,264.46999999999997,3.1765384615384615,26
BLUE JUICY FRUIT PHOTO FRAME,93,264.06,3.178205128205128,39
NUMBER TILE VINTAGE FONT No ,169,263.8,3.626969696969697,33
GREEN JUICY FRUIT PHOTO FRAME,94,261.89,2.9928205128205128,39
GYMKHANNA TREASURE BOOK BOX,120,261.84000000000003,2.189285714285714,14
PINK RIVIERA HANDBAG,186,261.68,5.33,6
BLUE FLOCK GLASS CANDLEHOLDER,644,259.96,0.634,10
4 PINK DINNER CANDLE SILVER FLOCK,130,259.71999999999997,2.642857142857143,35
HANGING MEDINA LANTERN SMALL,81,259.67,3.4785714285714286,28
DOORKNOB CRACKED GLAZE IVORY,174,258.29999999999995,1.6099999999999999,5
ROSE DU SUD CUSHION COVER ,59,257.61,4.274705882352941,34
BLUE KNITTED HEN ,220,257.21999999999997,1.0595999999999999,50
ORANGE VOTIVE CANDLE,1032,257.03999999999996,0.2708,25
2 PICTURE BOOK EGGS EASTER BUNNY,182,256.54,1.8213888888888887,36
MAGAZINE RACK GEBRA ASSORTED ,198,256.5,1.3333333333333333,18
SKULLS STORAGE BOX SMALL,96,256.44,3.225853658536585,41
FOOD/DRINK SPONGE STICKERS,1220,256.2,0.21,35
3D SHEET OF CAT STICKERS,260,255.61999999999998,1.1855263157894735,75
MIRROR LOVE BIRD T-LIGHT HOLDER,144,255.0,4.041538461538462,12
ANTIQUE CREAM CUTLERY SHELF ,29,254.98000000000002,8.946315789473683,19
CERAMIC BIRDHOUSE CRESTED TIT SMALL,79,253.53000000000003,3.7117391304347827,22
BLACK ENAMEL FLOWER RING,86,252.9,2.9347826086956523,23
FOLK ART METAL STAR T-LIGHT HOLDER,485,252.33,0.7286567164179104,67
ANTIQUE IVORY WIRE BOWL SMALL,99,251.45000000000002,2.7252380952380952,21
SKULLS TAPE,704,251.17000000000002,0.6367605633802818,70
STRING OF STARS CARD HOLDER,78,250.22000000000003,3.5340000000000003,15
CHARLIE+LOLA MY ROOM DOOR SIGN,403,249.48999999999998,0.8260465116279069,84
PACK 3 BOXES CHRISTMAS PANETTONE,76,248.48,3.3125,24
MONEY BOX HOUSEKEEPING DESIGN,237,247.42000000000002,1.4191379310344827,58
CLASSIC SUGAR DISPENSER,216,247.32,1.1975,12
CLASSICAL ROSE SMALL VASE,142,247.04,2.813846153846154,13
ECONOMY LUGGAGE TAG,158,246.84,1.63984375,62
CAMPHOR WOOD PORTOBELLO MUSHROOM,178,246.82999999999998,1.8538,50
ASSORTED MONKEY SUCTION CUP HOOK,617,246.18,0.41625,45
NUMBER TILE COTTAGE GARDEN 1,96,246.14,3.1904545454545454,44
WHITE GLASS CHUNKY CHARM BRACELET,27,245.63,9.1012,25
PAPERWEIGHT HOME SWEET HOME,158,245.57999999999998,2.8731034482758617,29
FLOWERS  STICKERS,257,245.35999999999999,1.159344262295082,61
PINK HEARTS PAPER GARLAND,168,245.20000000000002,1.5928571428571427,7
SILVER TEDDY BEAR,64,244.72,4.016666666666667,27
SILVER BRACELET W PASTEL FLOWER,32,244.68,7.686315789473684,19
PINK/BLUE DISC/MIRROR STRING,566,244.17,0.9513333333333333,15
CHERRY BLOSSOM PASSPORT COVER,194,243.53,1.8074647887323942,71
THREE CANVAS LUGGAGE TAGS,150,243.49,1.8197916666666665,48
WOODLAND SMALL PINK FELT HEART,286,242.17999999999998,0.959032258064516,31
CANDY SPOT EGG WARMER RABBIT,640,242.13,0.6907777777777777,90
HEN PARTY CORDON BARRIER TAPE,197,241.38,1.3907500000000002,40
CROCHET ROSE PURSE WITH SUEDE BACK,76,241.24000000000004,3.5954545454545457,22
NUMBER TILE COTTAGE GARDEN 2,93,240.29,3.2600000000000002,39
ZINC WIRE KITCHEN ORGANISER,30,239.97,9.929375,16
NINJA RABBIT BLACK,187,239.24,1.5422413793103449,58
ASSORTED SHAPES PHOTO CLIP SILVER ,469,238.60999999999999,0.635625,12
RUSTIC STRAWBERRY JAMPOT LARGE ,120,238.56,2.0416666666666665,6
DOORKNOB CRACKED GLAZE BLUE,162,238.49999999999997,1.5833333333333333,3
BATHROOM SET LOVE HEART DESIGN,82,237.98000000000002,3.1242857142857146,14
JOY LARGE WOOD LETTERS,39,236.17,9.0825,16
SNACK TRAY HAPPY FOREST  ,116,234.92,2.2116,25
BLUE  VOILE LAMPSHADE,86,234.5,2.905555555555556,9
LETTER SHAPE PENCIL SHARPENER,3333,234.0,0.15244444444444444,45
DAISY NOTEBOOK ,134,233.54,1.7179687499999998,63
SPACE FROG,174,233.52,1.5507142857142857,56
CRYSTAL STUD EARRINGS ASSORTED COL ,612,232.56,0.38,15
T-LIGHT HOLDER SILVER PETIT FOUR ,184,232.42000000000002,1.325625,16
PINK MONTE CARLO HANDBAG,98,232.32999999999998,4.763,10
PINK BUNNY EASTER EGG BASKET,158,231.89999999999998,1.5999999999999999,4
GLITTER CHRISTMAS HEART ,268,231.82,0.9162499999999999,21
PINK JEWELLED PHOTO FRAME,30,231.56,7.6825,20
FLORAL SOFT CAR TOY,54,230.81,4.7219999999999995,30
PAPERWEIGHT KINGS CHOICE ,168,230.67999999999998,2.640869565217391,23
SET OF 36 MUSHROOM PAPER DOILIES,159,230.54999999999998,1.45,30
BLUE BUNNY EASTER EGG BASKET,157,230.24999999999997,1.5833333333333333,3
KEEP OUT BOYS DOOR HANGER ,143,229.92,1.7833333333333334,43
SET/4 BLUE FLOWER CANDLES IN BOWL,137,229.46999999999997,1.6975,35
BUNNY EGG BOX,183,228.75,1.25,26
AMBER GLASS/SILVER BRACELET,25,227.89,9.098125,16
4 BLUE DINNER CANDLES SILVER FLOCK,87,226.67,2.7054838709677416,31
TRAVEL CARD WALLET VINTAGE ROSE ,542,226.2,0.41888888888888887,53
GREEN ENAMEL FLOWER RING,77,225.84,2.9203225806451614,31
BOTANICAL LAVENDER BIRTHDAY CARD,504,225.59,0.518875,80
RED RETROSPOT WASHBAG,78,225.5,3.3058823529411767,34
HAND WARMER RED POLKA DOT,120,225.00000000000003,1.8638888888888892,18
CRYSTAL DIAMANTE STAR BROOCH,45,224.73000000000002,4.990967741935484,31
ASSORTED TUTTI FRUTTI LARGE PURSE,107,224.70000000000002,2.1,25
ST TROPEZ NECKLACE,45,224.12,4.9874285714285715,35
MILK BOTTLE WITH GLASS STOPPER ,30,223.46,7.830000000000001,17
BOX/12 CHICK & EGG IN BASKET,123,223.10999999999999,1.9158536585365853,41
PEACE SMALL WOOD LETTERS,30,222.96,7.3183333333333325,24
2 PICTURE BOOK EGGS EASTER CHICKS,171,222.22,1.492,25
SILVER OVAL SHAPE TRINKET BOX,25,221.79999999999998,8.609411764705882,17
PAPERWEIGHT VINTAGE PAISLEY,152,220.04,3.3184848484848484,33
SILVER FABRIC MIRROR,458,219.35000000000002,0.7071739130434783,46
ASSTD COL BUTTERFLY/CRYSTAL W/CHIME,459,218.87,1.3415384615384613,13
PINK CHICK EGG WARMER + EGG CUP,195,218.81,1.111,40
SMALL TALL CAMPHOR WOOD TOADSTOOL,142,217.89,2.119705882352941,34
ZINC HEART LATTICE CHARGER LARGE,52,217.57999999999998,4.592222222222222,18
DAISY JOURNAL ,80,217.55999999999997,2.7467647058823528,34
BLUE HEART COMPACT MIRROR,128,217.5,3.59375,16
SILVER STANDING GNOME   ,44,217.35999999999999,5.079090909090909,22
"SMALL POP BOX,FUNKY MONKEY",152,216.47,1.5923529411764705,34
SET 8 CANDLES VINTAGE DOILEY,122,216.29999999999998,1.907142857142857,7
SMALL CAMPHOR WOOD FIELD  MUSHROOM,121,215.67999999999998,2.4429268292682926,41
ASS COLOUR GLOWING TIARAS,281,215.21,0.8719230769230768,25
GREEN MURANO TWIST BRACELET,51,215.20000000000002,4.202272727272727,22
SMALL CHUNKY GLASS ROMAN  BOWL,159,214.73000000000002,3.048666666666667,15
BOOZE & WOMEN GREETING CARD ,504,214.19,0.5127586206896552,58
NUMBER TILE VINTAGE FONT 3,108,213.7,3.0280952380952377,42
GOLD EAR MUFF HEADPHONES,35,212.26,6.073200000000001,25
BLUE SWEETHEART BRACELET,50,211.43,4.22,26
COLUMBIAN CANDLE ROUND ,169,210.61,1.284516129032258,30
GREEN ROUND COMPACT MIRROR,144,210.56,2.32,21
PINK JEWELLED MIRROR TRINKET TRAY,34,210.54999999999998,8.18611111111111,18
WAKE UP COCKEREL TILE COASTER,604,210.51999999999998,0.6694285714285714,35
TIGRIS EYE CHUNKY CHARM BRACELET,23,210.04,9.1395,20
PEG BAG APPLE DESIGN,100,210.0,2.1,1
RED BOUDICCA LARGE BRACELET,30,209.73000000000002,7.0025,12
VIPPASSPORT COVER ,142,209.66,2.421764705882353,34
JADE DROP EARRINGS W FILIGREE,42,209.10000000000002,4.9956,25
LARGE SKULL WINDMILL,90,207.51000000000002,2.6954166666666666,24
TEATIME ROUND PENCIL SHARPENER ,1460,205.29999999999998,0.3280882352941176,67
METALIC LEAVES BAG CHARMS,83,205.06,2.4691666666666667,36
DAISY SKETCHBOOK ,73,205.04,3.9829629629629633,27
SMOKEY GREY COLOUR D.O.F. GLASS,587,204.79,0.3522222222222222,26
MULTI HEARTS  STICKERS,237,204.69,0.927142857142857,42
NUMBER TILE COTTAGE GARDEN No,75,204.19,3.453333333333333,33
GREEN SQUARE COMPACT MIRROR,131,203.51,2.5524999999999998,20
OPIUM SCENTED VOTIVE CANDLE,840,203.27999999999997,0.2633333333333333,18
GARDEN METAL SIGN ,114,203.20999999999998,2.1710344827586208,29
BEACH HUT DESIGN BLACKBOARD,41,203.07,6.171333333333333,15
PURPLE ENAMEL FLOWER RING,69,202.51000000000002,2.9217857142857144,28
MINI JIGSAW LEAP FROG,503,201.95,0.5651428571428571,35
PINK BITTY LIGHT CHAIN,106,201.31,2.8925,36
CAROUSEL DESIGN WASHBAG,108,199.84,1.9125999999999999,50
BLACK CHUNKY BEAD BRACELET W STRAP,22,199.67,9.10388888888889,18
BOTANICAL LAVENDER GIFT WRAP ,475,199.5,0.42,19
MIRRORED WALL ART GENTS,171,199.48999999999998,2.19953488372093,43
HANGING GLASS ETCHED TEALIGHT,127,198.57,1.7690909090909093,11
NUMBER TILE VINTAGE FONT 2,102,197.56,3.2152941176470584,34
JUNGLE POPSICLES ICE LOLLY HOLDERS,139,197.49,1.8079310344827586,29
ENGLISH ROSE SMALL SCENTED FLOWER,213,197.43,1.1552173913043478,45
SILVER M.O.P ORBIT BRACELET,38,197.09,5.245555555555556,27
NUMBER TILE VINTAGE FONT 1,97,196.69,3.299375,32
CHRISTMAS CARD STACK OF PRESENTS,816,196.44,0.2602777777777778,36
FELT EGG COSY LADYBIRD ,326,195.97,1.0479245283018868,51
MIDNIGHT BLUE VINTAGE EARRINGS,52,195.32,3.759375,32
PSYCHEDELIC TILE COASTER,430,195.22,1.1860714285714287,28
FIRST CLASS PASSPORT COVER ,93,194.94,2.251860465116279,43
A PRETTY THANK YOU CARD,456,194.58,0.5208333333333334,35
NUMBER TILE VINTAGE FONT 5,99,194.04999999999998,3.086666666666667,36
FIRST CLASS LUGGAGE TAG ,152,193.59,1.385,49
HANGING METAL CHICKEN DECORATION,148,193.52,1.4934285714285713,34
SILVER M.O.P ORBIT DROP EARRINGS,46,193.33,4.194054054054054,37
DIAMANTE BOW BROOCH GREEN COLOUR,30,193.2,6.483333333333333,18
LARGE  TALL CAMPHOR WOOD TOADSTOOL ,33,192.81,6.459411764705883,17
SET/4 DAISY MIRROR MAGNETS,494,192.73999999999998,1.044318181818182,44
PINK PAISLEY CUSHION COVER ,26,192.14,7.464117647058822,17
NUMBER TILE VINTAGE FONT 4,100,191.48,3.294375,32
GREEN CHRISTMAS TREE STRING 20LIGHT,42,191.1,4.886363636363637,11
RED KUKUI COCONUT SEED NECKLACE,122,190.73000000000002,3.1552000000000002,25
RAINBOW PEGS PHOTO CLIP STRING,290,189.88,0.9984615384615384,39
STARFISH SOAP DISH,74,189.75,3.488076923076923,25
ROUND WHITE CONFETTI IN TUBE,108,189.67999999999998,2.0014285714285713,13
DONKEY TAIL GAME ,54,189.54000000000002,3.66,4
WHITE CHRISTMAS STAR DECORATION,438,189.0,0.4694117647058823,30
ROUND PINK HEART MIRROR,85,188.81,2.5686363636363634,22
BLUE DELPHINIUM ARTIFICIAL FLOWER,99,188.37000000000003,2.23,6
NINJA RABBIT PINK,167,187.79,1.1130232558139534,42
FLORAL PINK MONSTER,43,187.54,5.078235294117647,16
PINK OVAL SHAPE TRINKET BOX,20,186.64,8.999230769230769,13
ENGLISH ROSE NOTEBOOK A6 SIZE,399,186.56,0.6776190476190477,21
75 GREEN PETIT FOUR CASES,375,186.25,0.6477027027027027,74
RED  EGG  SPOON,1369,185.51999999999998,0.25717391304347825,92
RED ENAMEL FLOWER RING,63,185.42000000000002,2.9342857142857146,21
FLAG OF ST GEORGE CHAIR,38,185.3,5.525,8
EIGHT PIECE DINOSAUR SET,125,185.18,1.6913513513513514,35
GIFT BAG LARGE VINTAGE CHRISTMAS,148,185.0,1.25,9
CHAMBRE HOOK,132,184.67999999999998,1.7564,25
GOLD/M.O.P PENDANT ORBIT NECKLACE,22,184.66,8.39578947368421,19
FRENCH ENAMEL UTENSIL HOLDER,45,183.71,5.15125,16
SET OF 4 CAROUSEL PLACEMATS ,91,183.45,3.5413043478260873,23
RETRO PLASTIC 70'S TRAY,387,183.10999999999999,0.6287692307692307,64
PSYCHEDELIC TILE HOOK,299,182.95000000000002,1.088695652173913,44
MEDIUM PINK BUDDHA HEAD ,54,182.50000000000003,3.913809523809524,21
"TUMBLER, NEW ENGLAND",142,182.29999999999998,3.643571428571429,14
SILVER BOOK MARK WITH BEADS,161,182.25,1.7126470588235294,34
BOTANICAL LILY GREETING CARD,427,181.98,0.4485,60
SET/4 BIRD MIRROR MAGNETS ,459,181.32999999999998,0.9040384615384615,51
PINK YELLOW PATCH CUSHION COVER,29,180.93,6.113478260869566,23
ASSORTED CHEESE FRIDGE MAGNETS,223,180.71,0.9811111111111112,18
CREAM DELPHINIUM ARTIFICIAL FLOWER,70,180.58,2.68,8
PINK DISCO HANDBAG,84,180.51999999999998,2.429090909090909,22
ANGEL DECORATION WITH LACE PADDED,212,180.2,0.85,11
CANDY SHOP  STICKER SHEET,195,179.45999999999998,1.102857142857143,33
SWIRLY CIRCULAR RUBBERS IN BAG,472,178.97,0.5913559322033899,59
GREEN  DIAMANTE PEN IN GIFT BOX,76,178.89,2.7533333333333334,33
BEADED CRYSTAL HEART BLUE ON STICK,193,178.85,0.8714,50
CREAM HANGING HEART T-LIGHT HOLDER,61,178.51000000000002,3.536666666666667,9
DOLLCRAFT GIRL AMELIE,36,178.2,4.95,8
NUMBER TILE COTTAGE GARDEN 4,72,177.46,3.1853333333333333,30
BEACH HUT KEY CABINET,34,177.33,5.938571428571429,21
GLASS CHALICE GREEN  SMALL ,161,175.78,1.9857894736842103,19
BLUE CIRCLES DESIGN MONKEY DOLL,66,175.73,2.806206896551724,28
Dotcomgiftshop Gift Voucher £30.00,7,175.53,25.075714285714287,7
S/4 GROOVY CAT MAGNETS,149,175.16,1.794230769230769,24
"RUSTIC WOODEN CABINET, GLASS DOORS",5,174.76999999999998,33.28666666666667,3
BLACK GLASS BRACELET W HEART CHARMS,35,174.73000000000002,4.994074074074074,27
PACK 20 DOLLY PEGS,242,174.5,0.7525,4
MEDIUM WHITE/PINK ROSE ART FLOWER,127,174.31,1.5372727272727273,11
ENAMEL BLUE RIM COFFEE CONTAINER,152,174.09,1.6965384615384616,26
PINK BUTTERFLY CUSHION COVER ,35,173.48,4.9590000000000005,20
ASS COL CIRCLE MOBILE ,474,173.15999999999997,0.4114285714285714,6
FUNKY MONKEY GIFT BAG MEDIUM,371,173.12,0.6314634146341463,41
NUMBER TILE VINTAGE FONT 6 ,96,172.78,3.097142857142857,28
WHITE SQUARE TABLE CLOCK,105,172.75,2.889047619047619,21
BATHROOM SCALES FOOTPRINTS IN SAND,51,172.05,3.6700000000000004,20
PINK PAINTED KASHMIRI CHAIR,4,171.8,42.95,1
50CM METAL STRING WITH  7 CLIPS,225,171.79,1.0608695652173912,23
PINK RETRO BIG FLOWER BAG,88,171.6,1.95,14
JARDIN ETCHED GLASS SMALL BELL JAR,45,171.11,4.418,9
VINTAGE WOODEN BAR STOOL,6,169.75,27.4625,4
BEADED CRYSTAL HEART GREEN SMALL,119,168.59,1.9122580645161291,31
CHRISTMAS CARD SINGING ANGEL,399,168.33,0.4330769230769231,39
CLASSIC WHITE FRAME,56,168.16000000000003,3.1350000000000002,16
SILVER HOOP EARRINGS WITH FLOWER,28,168.0,6.027777777777778,18
Dotcomgiftshop Gift Voucher £50.00,4,167.56,41.89,4
MIDNIGHT BLUE GLASS/SILVER BRACELET,18,167.3,9.322,15
Dotcomgiftshop Gift Voucher £20.00,10,167.05,16.708888888888893,9
2 PICTURE BOOK EGGS EASTER DUCKS,124,165.89,1.6856,25
VINTAGE KITCHEN PRINT VEGETABLES,65,165.75,2.55,12
MOROCCAN BEATEN METAL DISH LARGE,12,165.74,14.3425,8
LAVENDER SCENT CAKE CANDLE,624,165.6,0.28058823529411764,17
PAISLEY PARK CARD,376,165.07999999999998,0.5885365853658536,41
Bank Charges,12,165.001,13.750083333333334,11
RETRO PLASTIC DAISY TRAY,300,164.59,0.786031746031746,60
MINI JIGSAW GO TO THE FAIR,402,164.42000000000002,0.55875,40
MOCK LOBSTER FRIDGE MAGNET,296,164.17,1.0622222222222222,45
BLUE MURANO TWIST BRACELET,39,164.12,4.201333333333333,15
SILVER LARIAT 40CM,26,163.82,9.729000000000001,10
PURPLE ENAMEL+GLASS HAIR COMB,84,163.8,2.0125,4
JARDIN ETCHED GLASS LARGE BELL JAR,37,163.75,5.303846153846154,13
NUMBER TILE COTTAGE GARDEN 3 ,67,163.35,3.258,25
PINK STRAWBERRY HANDBAG ,60,163.1,2.751764705882353,34
SILVER/MOP ORBIT NECKLACE,16,162.79,10.189333333333334,15
MONEY BOX CONFECTIONERY DESIGN,145,162.44,1.496551724137931,29
CHARLIE AND LOLA CHARLOTTE BAG,65,162.20999999999998,3.4099999999999997,27
CLASSICAL ROSE CANDLESTAND,194,162.20000000000002,1.5075,12
MIRRORED WALL ART SPLODGES,101,161.49,2.515,16
FRENCH CHATEAU LARGE PLATTER ,70,160.5,2.95,18
SPRIG LAVENDER ARTIFICIAL FLOWER,224,160.48,1.001,10
MOROCCAN BEATEN METAL DISH,15,160.09,11.756666666666666,6
SET 4 PICNIC CUTLERY BLUEBERRY,82,159.9,1.9500000000000002,9
SPACE CADET RED,131,159.7,1.1894117647058824,33
WRAP RED DOILEY,380,159.6,0.42,16
DIAMANTE BOW BROOCH RED COLOUR,25,158.75,6.35,10
"DECOUPAGE,GREETING CARD,",357,158.63,0.5371874999999999,32
GREEN VINTAGE EARRINGS ,39,158.08,4.115357142857143,28
PORCELAIN BUDAH INCENSE HOLDER,1525,158.06,0.42,34
OLD ROSE COMBO BEAD NECKLACE,54,157.5,2.912,45
BATHROOM HOOK,146,157.5,1.5964285714285713,27
WRAP CAROUSEL,375,157.5,0.42,14
GREEN WIRE STANDING CANDLE HOLDER,38,157.34,4.368333333333333,18
VINTAGE BEAD COSMETIC BAG ,57,156.85,2.699444444444444,35
TUSCAN VILLA BIRD TABLE ,19,156.75,8.25,11
BLUE FLY SWAT,179,156.63,0.9283333333333333,66
IVY HEART WREATH,18,155.6,8.610000000000001,11
BLUE CIRCLES DESIGN TEDDY,56,154.95,3.0359999999999996,25
ASSORTED CIRCULAR MOBILE,693,154.77,0.4285294117647059,33
LARGE TORTILLA DESIGN RED BOWL,78,154.67999999999998,2.7563636363636363,22
PANTRY KITCHEN THERMOMETER ,112,154.52,1.562258064516129,31
RETRO LEAVES MAGNETIC NOTEPAD,105,154.08999999999997,1.5376190476190477,19
SET OF 12 ROSE BOTANICAL T-LIGHTS,51,153.29000000000002,3.2655555555555558,9
ASS DES PHONE SPONGE CRAFT STICKER,509,153.09,0.465,14
LUNCH BOX WITH CUTLERY FAIRY CAKES ,60,153.0,2.55,24
GOLD M PEARL  ORBIT NECKLACE,15,152.84,10.226153846153846,13
ANTIQUE GLASS PLACE SETTING,122,152.5,1.25,8
VINTAGE ROSE BEAD BRACELET BLACK,36,152.4,4.214705882352941,17
HEART TRELLISTRIPLE T-LIGHT HOLDER,56,152.24,2.81,5
BLUE PUDDING SPOON,1052,151.19,0.24349397590361446,82
YELLOW DRAGONFLY HELICOPTER,19,151.05,7.95,8
WHITE TISSUE REAM,19,151.05,7.950000000000001,13
BLUE ROUND COMPACT MIRROR,96,150.93,2.325,18
NUMBER TILE COTTAGE GARDEN 6,65,150.81,2.944545454545455,21
BOYS PARTY BAG,47,150.54999999999998,3.1045454545454545,11
FLOWER FAIRY 5 DRAWER LINERS,59,150.45,2.55,20
YELLOW EASTER EGG HUNT START POST,76,150.38,2.064736842105263,19
WHITE 3 FRAME BIRDS AND TREE ,20,150.0,10.05,10
BLUE PAINTED KASHMIRI CHAIR,3,149.85000000000002,49.95,1
BLACK VINTAGE EARRINGS,36,149.41000000000003,4.1574193548387095,31
KIDS CUTLERY DOLLY GIRL ,36,149.4,4.15,8
KIDS CUTLERY SPACEBOY ,36,149.4,4.15,8
POLYESTER FILLER PAD 45x30cm,103,149.35,1.45,38
NUMBER TILE COTTAGE GARDEN 7,63,149.09,2.9124,25
CRYSTAL DIAMANTE EXPANDABLE RING,35,148.63,4.239090909090909,11
TUSCAN VILLA BIRD FEEDER,17,148.63,9.181111111111111,9
BLUE CAT BISCUIT BARREL PINK HEART,66,148.32,2.975882352941176,17
PINK HEART DOTS HOT WATER BOTTLE,36,147.88,4.042727272727273,11
BATHROOM SCALES RUBBER DUCKS,43,146.85,3.673809523809524,21
NUMBER TILE VINTAGE FONT 7,87,146.43,2.8827999999999996,25
NEW BAROQUE BLACK PHOTO ALBUM,27,146.21,7.307857142857143,14
BLUE GEISHA GIRL ,44,146.07999999999998,3.4415999999999998,25
GREEN GEISHA GIRL ,46,146.05,3.1614285714285715,28
SPACE BOY CHILDRENS CUP,131,145.76,1.4183333333333332,6
FRUIT SALAD BAG CHARM,64,145.52,2.4153333333333333,45
NUMBER TILE COTTAGE GARDEN 5,60,145.5,3.0461538461538464,26
FUSCHIA FLOWER PURSE WITH BEADS,159,145.17,0.9714285714285714,14
NUMBER TILE COTTAGE GARDEN 0 ,63,144.65,3.04,20
COSY SLIPPER SHOES SMALL  RED ,46,144.58,3.3360869565217395,21
HEART T-LIGHT HOLDER,146,144.52,1.541,10
GIRLS PARTY BAG,47,144.43,3.1330769230769233,13
SET/20 FRUIT SALAD PAPER NAPKINS ,88,143.44,1.63,25
MIRRORED WALL ART LADIES,163,143.28,1.2448484848484849,33
STRIPES DESIGN TEDDY,56,142.79999999999998,2.55,30
CUBIC MUG FLOCK PINK ON BROWN,163,142.23,2.233636363636364,32
BOTANICAL ROSE GREETING CARD,337,141.95,0.43863636363636366,22
BLOND DOLL DOORSTOP,109,141.75,1.6428571428571428,14
GREEN FERN NOTEBOOK,86,141.23999999999998,1.6406666666666667,44
BLUE POLKADOT PURSE ,44,141.15,3.397878787878788,33
FRENCH PAISLEY CUSHION COVER,170,141.1,0.83,17
WHITE  ROSEBUD PEARL BRACELET,38,140.98,5.290666666666667,15
POPART RECT PENCIL SHARPENER ASST,1166,140.52,0.1290909090909091,33
DAISY HAIR BAND,85,140.32999999999998,1.652162162162162,37
S/6 SEW ON CROCHET FLOWERS,110,140.02,1.376,20
UNION JACK HOT WATER BOTTLE ,13,139.86,10.453333333333333,3
SET OF 36 PANTRY PAPER DOILIES,67,139.78,2.3147058823529414,33
METAL HERB GERDEN CONTAINER,24,139.68,6.078,5
VINTAGE ZINC WATERING CAN,13,139.39999999999998,11.206249999999999,8
NUMBER TILE COTTAGE GARDEN 8,61,138.81,2.943,20
BLUE DAISY MOBILE,172,138.76,0.7999999999999999,12
ASSORTED COLOUR METAL CAT ,111,138.75,1.25,25
EASTER BUNNY WREATH,28,138.6,4.95,10
SET 4 PICNIC CUTLERY CHERRY ,71,138.45,1.9500000000000002,9
NUMBER TILE COTTAGE GARDEN 9,63,138.10999999999999,2.638421052631579,19
AMETHYST GLASS/SHELL/PEARL NECKLACE,15,137.63,9.177142857142858,14
CHRISTMAS RETROSPOT HEART WOOD,139,137.59,1.3128571428571427,27
GOLD SCROLL GLASS T-LIGHT HOLDER,80,137.22000000000003,1.8150000000000002,5
RED DAISY POCKET BOOK ,158,136.64,0.9188235294117647,33
ASSORTED SANSKRIT MINI NOTEBOOK,109,136.25,1.25,6
ABSTRACT CIRCLES POCKET BOOK,159,135.15,0.85,42
VINTAGE ENAMEL & CRYSTAL EARRINGS,27,134.70000000000002,5.008333333333334,18
SUMMER BUTTERFLIES BAG CHARM,54,134.53,2.485483870967742,31
CAKES AND RABBITS DESIGN FLANNEL ,119,134.48999999999998,1.2856,50
ICON PLACEMAT POP ART ELVIS,832,134.37,0.7481818181818181,33
NEW BAROQUE LARGE NECKLACE BLK/WHIT,16,134.16,8.381428571428572,14
POLYESTER FILLER PAD 30CMx30CM,107,133.75,1.25,26
EASTER BUNNY HANGING GARLAND,68,133.23,3.0243478260869567,23
PAIR OF PINK FLOWER CLUSTER SLIDE,53,132.7,2.4975675675675673,37
PINK/YELLOW FLOWERS HANDBAG,106,132.5,1.25,8
BANK ACCOUNT  GREETING  CARD ,318,132.44,0.47526315789473683,38
PURPLE ACRYLIC FACETED BANGLE,107,132.05,1.6,8
SMALL JEWELLERY STAND,16,132.0,8.25,6
GREEN METAL BOX TOP SECRET,16,132.0,8.25,4
AMBER DIAMANTE EXPANDABLE RING,31,131.03,4.202307692307692,13
PINK ROSEBUD PEARL BRACELET,27,130.67,6.333571428571429,14
RED   ACRYLIC FACETED BANGLE,99,130.51000000000002,2.206,10
PIG MUG IN TWO COLOUR DESIGNS,159,130.26999999999998,1.4352941176470588,17
COPPER/OLIVE GREEN FLOWER NECKLACE,21,129.85,6.1899999999999995,14
VINTAGE KITCHEN PRINT SEAFOOD,43,129.63,3.9771428571428564,14
GOLD WINE GOBLET,164,129.56,0.79,8
PINK PILLAR CANDLE SILVER FLOCK,81,129.47,2.4173684210526316,19
RED PUDDING SPOON,881,128.63,0.25069444444444444,72
SILVER APERITIF GLASS,276,128.4,0.8225,8
PINK/BLUE STRING CURTAIN ,57,128.32999999999998,5.386,5
BLACK+WHITE NECKLACE W TASSEL,17,127.24,9.182222222222222,9
BEADED PEARL HEART WHITE LARGE,77,127.04999999999998,1.65,10
NUMBER TILE VINTAGE FONT 8,78,126.78,2.967391304347826,23
SET 4 PICNIC CUTLERY FONDANT,65,126.75,1.95,6
GLASS SONGBIRD STORAGE JAR,11,126.7,12.049999999999999,3
CREAM SWEETHEART WALL CABINET,7,126.64999999999999,18.55,5
SCENTED CANDLE IN DIGITALIS TIN,56,126.04000000000002,2.5869230769230773,13
SNACK TRAY RED GINGHAM,60,125.72,2.417142857142857,14
LARGE JEWELLERY STAND,10,125.0,12.5,4
NUMBER TILE VINTAGE FONT 9 ,76,124.97999999999999,3.1642857142857146,21
PINK HORSE SOCK PUPPET KIT,42,123.9,2.95,14
WOODLAND LARGE BLUE FELT HEART,92,123.47,1.7153846153846155,13
POLKADOT MUG PINK ,72,123.29999999999998,2.210769230769231,13
SET OF 3 MINI HANGING PORTRAITS,32,123.2,3.95,2
CRYSTAL STUD EARRINGS CLEAR DISPLAY,324,123.12,0.38,7
LARGE PARLOUR FRAME,27,122.85,4.725,2
PURPLE GEMSTONE BRACELET,19,122.84,7.228999999999999,10
RUBY GLASS CLUSTER BRACELET,20,122.64000000000001,6.180000000000001,14
CANDY SPOT HEART DECORATION,146,122.08,0.8331999999999999,50
TURQUOISE GLASS TASSLE BAG CHARM ,57,121.38000000000001,2.035,20
"RETRO ""TEA FOR ONE"" ",21,120.99,5.608823529411764,17
ZINC HEART LATTICE 2 WALL PLANTER,19,120.64999999999999,6.35,11
OYSTER TRINKET BOX,53,120.41,3.8560000000000003,19
PAIR BUTTERFLY HAIR CLIPS,32,120.34,3.7676470588235293,17
5 STRAND GLASS NECKLACE CRYSTAL,19,120.28999999999999,6.32,10
VINTAGE ZINC PLANTER  ,32,120.08000000000001,4.366363636363636,11
SMALL WHITE/PINK ROSE ART FLOWER,107,120.07000000000001,1.2077777777777778,9
GIFT BAG LARGE SPOT ,96,120.0,1.25,6
DAISY FOLKART HEART DECORATION,96,120.0,1.25,16
ANT COPPER RED BOUDICCA BRACELET,24,119.91000000000001,5.002857142857143,21
BLUE MURANO TWIST NECKLACE,12,119.89,9.994545454545454,11
MIDNIGHT BLUE PAIR HEART HAIR SLIDE,32,119.84,3.7441666666666666,24
FROSTED WHITE BASE ,239,119.64,0.8221739130434783,23
LUNCH BAG VINTAGE DOILEY ,71,119.63,2.146,5
TURQUOISE CRYSTAL+GLASS BRACELET,24,119.23,4.986363636363636,11
GROOVY CACTUS INFLATABLE,303,119.08999999999999,0.41090909090909095,22
PINK OVAL JEWELLED MIRROR,20,119.0,5.95,11
SET OF 12 T-LIGHTS VINTAGE DOILEY,61,118.94999999999999,1.95,6
FOLDING MIRROR HOT PINK ,156,118.91999999999999,0.808,5
STRIPES DESIGN MONKEY DOLL,39,118.72999999999999,3.4263636363636363,22
SET/6 POSIES PAPER PLATES,125,118.72999999999999,0.9614285714285714,14
PACK 3 FIRE ENGINE/CAR PATCHES,85,118.4,1.7621052631578946,19
HEN HOUSE W CHICK STANDING,283,118.21,0.5554166666666667,24
SPACE CADET WHITE,97,117.78,1.3816666666666668,30
AMBER CHUNKY BEAD BRACELET W STRAP,13,117.73,9.103333333333332,9
AMBER DROP EARRINGS W LONG BEADS,40,117.24000000000001,2.9213043478260867,23
CITRUS GARLAND FELT FLOWERS ,60,117.0,1.95,14
BLACK SILOUETTE CANDLE PLATE,137,116.44999999999999,0.85,20
SUMMER FUN DESIGN SHOWER CAP,325,116.32999999999998,0.5566666666666666,18
LARGE ZINC GLASS CANDLEHOLDER,34,116.06,3.7609090909090908,11
WHITE CHRYSANTHEMUMS ART FLOWER,55,115.50000000000001,2.1,8
TEATIME PUSH DOWN RUBBER,479,115.3,0.5892307692307692,13
FRENCH STYLE STORAGE JAR JAM,317,114.85,0.3516129032258064,30
ZINC SWEETHEART SOAP DISH,61,114.33000000000001,2.2395238095238095,21
WALL ART BICYCLE SAFTEY ,21,114.15,5.75,3
TURQ STONE/CRYSTAL EARRINGS,39,113.97,2.9183870967741936,31
LARGE BLUE PROVENCAL CERAMIC BALL,49,113.05000000000001,2.653636363636364,11
SET/3 RABBITS FLOWER SKIPPPING ROPE,126,112.55999999999999,0.9944444444444444,26
CRYSTAL PAIR HEART HAIR SLIDES,30,112.26,3.73875,16
NECKLACE+BRACELET SET BLUE BLOSSOM,45,112.21,2.4815384615384612,26
PAISLEY PATTERN  STICKERS,125,111.86,1.0071875,32
HEART T-LIGHT HOLDER ,74,111.77,1.7293749999999999,15
"LETTER ""A"" BLING KEY RING",130,111.66,0.9039285714285714,56
"FLOWER GLASS GARLD NECKL36""AMETHYST",14,110.95,7.922727272727273,11
ASS FLORAL PRINT SPIRIT LEVEL ,100,110.86,1.4994999999999998,37
BLACK DIAMANTE EXPANDABLE RING,26,110.09,4.2090000000000005,10
PURPLE BERTIE GLASS BEAD BAG CHARM,95,110.03,2.0989473684210522,19
POSY CANDY BAG,92,109.96,1.0925,16
BLACK GRAND BAROQUE PHOTO FRAME,50,109.94,4.0275,8
PSYCHEDELIC WALL THERMOMETER,79,109.92999999999999,1.9214285714285713,14
GREEN MURANO TWIST NECKLACE,11,109.53999999999999,9.96125,8
HILDA CANDY SPOT RABBIT,25,109.23,4.660588235294118,16
HANGING BAUBLE T-LIGHT HOLDER LARGE,33,108.71000000000001,3.707333333333333,15
PAPER LANTERN 6 POINT SNOW STAR,26,107.9,4.15,6
MIRRORED WALL ART TABLE LAMP,75,107.75,1.9772727272727273,33
PINK FELT HANGING HEART W FLOWER,106,107.72,0.8879999999999999,20
LAVENDER INCENSE 40 CONES IN TIN,109,107.44999999999999,1.17,10
BEADED CRYSTAL HEART BLUE SMALL,80,107.31,1.7373333333333332,15
SET 10 CARDS DINKY TREE 17076,43,107.07000000000001,2.49,16
SMALL PARLOUR FRAME,42,106.98000000000002,2.6900000000000004,2
PINK BERTIE GLASS BEAD BAG CHARM,115,106.24,1.5399999999999998,10
"ACRYLIC HANGING JEWEL,BLUE",268,106.05,0.5359259259259259,24
TROPICAL LUGGAGE TAG,73,105.91,1.720909090909091,33
"ACRYLIC JEWEL ICICLE, PINK",263,105.83,0.69,19
VINTAGE NOTEBOOK TRAVELOGUE,38,105.73,2.6350000000000002,13
SILVER/M.O.P PENDANT ORBIT NECKLACE,17,105.71000000000001,7.815714285714286,7
HOUSE WRECKING METAL SIGN ,50,105.0,2.1,23
BOTANICAL LILY GIFT WRAP,250,105.0,0.42,7
PACKING CHARGE,14,105.0,7.5,14
PINK SQUARE TABLE CLOCK,71,104.84,3.015,14
FOUR RABBIT EASTER DECORATIONS,72,104.84,1.992,15
12 PINK HEN+CHICKS IN BASKET,41,104.55,2.55,14
PINK CRYSTAL+GLASS BRACELET,21,104.53,4.9871428571428575,14
DRAGONS BLOOD INCENSE,423,104.44,0.3507692307692308,39
SMALL BLUE PROVENCAL CERAMIC BALL,62,103.93999999999998,1.832222222222222,9
PAINTED LIGHTBULB STAR+ MOON,180,103.22999999999999,0.7132075471698113,53
IVORY SHELL HEART NECKLACE,21,103.13,5.855,8
NUMBER TILE VINTAGE FONT 0,70,102.46,2.8674999999999997,16
75 GREEN FAIRY CAKE CASES,69,102.36,1.4642857142857142,42
WHITE VINT ART DECO CRYSTAL NECKLAC,12,102.0,8.5,8
PURPLE GEMSTONE NECKLACE 45CM,8,102.0,12.75,5
LONG SILVER NECKLACE PASTEL FLOWER,8,101.73,12.705,6
"LARGE CAKE TOWEL, CHOCOLATE SPOTS",11,101.53,10.16,8
PINK CAT FLORAL CUSHION COVER ,25,100.97,4.066666666666666,18
PINK STRING CURTAIN WITH POLE,30,100.86,6.212222222222222,9
MINI HIGHLIGHTER PENS,840,100.79999999999998,0.12,4
PINK/FLOWER RABBIT EGG WARMER ,119,100.76,1.142,15
Dotcomgiftshop Gift Voucher £40.00,3,100.69999999999999,33.56666666666666,3
MIRRORED WALL ART FOXY,16,100.66000000000001,5.775555555555556,9
PACK/12 XMAS FUN CARD,34,100.30000000000001,2.95,11
BLACK/WHITE GLASS/SILVER BRACELET,11,100.08999999999999,9.184285714285712,7
SET 10 CARDS RED RIDING HOOD 17214,40,99.60000000000001,2.49,16
LILY BROOCH OLIVE COLOUR,20,99.60000000000001,4.99,15
VINTAGE ZINC WATERING CAN SMALL,18,99.2,6.2125,8
TUSCAN VILLA DOVECOTE,12,99.0,8.25,4
TUSCAN VILLA FEEDING STATION,12,99.0,8.25,7
BUNDLE OF 3 RETRO EXERCISE BOOKS,60,98.99999999999999,1.65,5
LAVENDER INCENSE IN TIN,171,98.91,0.7976000000000001,25
YELLOW FLOWERS FELT HANDBAG KIT,46,98.63000000000001,2.2068421052631577,19
PAINTED LIGHTBULB RAINBOW DESIGN,152,98.11999999999999,0.7815686274509804,51
WHITE FRANGIPANI NECKLACE,39,98.07,2.510588235294118,17
CHERRY BLOSSOM CANVAS ART PICTURE,41,97.95,3.9499999999999997,6
BLUE GREEN EMBROIDERY COSMETIC BAG,35,97.13,3.2627272727272727,22
AMETHYST DIAMANTE EXPANDABLE RING,23,97.02,4.19,12
PINK CANDYSTUFT ARTIFICIAL FLOWER,137,96.88999999999999,1.0645454545454545,11
PAIR OF ENAMEL BUTTERFLY HAIRCLIP,29,96.86,3.337222222222222,18
PINK HYDRANGEA ART FLOWER,46,96.60000000000001,2.1,5
GOLD M.O.P ORBIT BRACELET,18,96.52000000000001,5.362222222222223,18
SWEET PUDDING STICKER SHEET,98,95.52999999999999,1.1297222222222223,36
BUTTERFLY HAIR BAND,38,95.41999999999999,2.4961904761904763,21
RECIPE BOX WITH METAL HEART,12,95.4,7.95,6
FINE SILVER NECKLACE W PASTEL FLOWE,17,95.35000000000001,7.192857142857143,7
"FLOWER GLASS GARLAND NECKL.36""BLACK",12,95.35000000000001,7.94,5
AMBER CHUNKY GLASS+BEAD NECKLACE,8,95.25,11.90625,8
CHERRY BLOSSOM LUGGAGE TAG,73,95.17999999999999,1.4815151515151515,33
FLAMES SUNGLASSES PINK LENSES,52,95.1,2.145,8
TEAL/FUSCHIA COL BEAD NECKLACE,19,94.43,4.979230769230769,13
VIP PASSPORT COVER ,43,94.04,2.375294117647059,17
HOME SWEEET HOME 3 PEG HANGER ,25,93.75,3.75,4
PINK GREEN EMBROIDERY COSMETIC BAG,33,93.19,2.93,20
BLUE PAISLEY NOTEBOOK,56,92.39999999999999,1.6499999999999997,23
GOLD M.O.P ORBIT DROP EARRINGS,22,92.28,4.19,17
PINK STOCKING CHRISTMAS DECORATION,226,92.21000000000001,0.6473684210526316,19
PINK MARSHMALLOW SCARF KNITTING KIT,36,91.8,2.55,1
BROWN KUKUI COCONUT SEED NECKLACE,77,91.7,2.3363636363636364,11
PINK GLASS CHUNKY CHARM BRACELET,10,91.68,9.17,9
DOUBLE CERAMIC PARLOUR HOOK,22,91.30000000000001,4.15,5
FIRST CLASS HOLIDAY PURSE ,31,90.42,2.879,20
JASMINE VOTIVE CANDLE,338,90.33999999999999,0.27666666666666667,12
PINK ROSEBUD & PEARL NECKLACE,12,90.32,7.537777777777778,9
EDWARDIAN DROP EARRINGS JET BLACK,24,90.2,3.7600000000000002,20
BAG OF SILVER STONES,130,89.52999999999999,0.6746153846153846,13
WOODEN BOX ADVENT CALENDAR ,10,89.5,8.95,5
SET/3 TALL GLASS CANDLE HOLDER PINK,4,89.22,21.243333333333332,3
PINK HEART OF GLASS BRACELET,15,89.12,5.935555555555556,9
4 PINK FLOCK CHRISTMAS BALLS,49,88.47,2.2954545454545454,22
GREEN PEONY CUSHION COVER,19,88.35000000000001,4.65,6
S/3 PINK SQUARE PLANTERS ROSES,10,88.22,8.88111111111111,9
PINK & WHITE ROSEBUD RING,21,88.04,4.176,15
RED GLASS TASSLE BAG CHARM,40,88.03,2.1325,16
GOLD FABRIC MIRROR,180,86.76,0.716,29
SET/4 MODERN VINTAGE COTTON NAPKINS,77,86.75,1.1656521739130437,23
SET 10 CARDS 12 DAYS WRAP  17058,26,86.58000000000001,3.33,11
GREEN PAIR HEART HAIR SLIDES,23,86.11,3.744285714285714,14
BLUE KNITTED EGG COSY,155,85.61,0.7000000000000001,28
PAINTED SEA SHELL METAL WINDCHIME,93,85.31,1.53,8
VINTAGE KEEPSAKE BOX PINK FLOWER,19,85.13,4.426,15
SMOKEY GREY COLOUR GLASS,236,84.75999999999999,0.426,15
GOLDIE LOOKING MIRROR,17,84.15,4.95,6
MEDIUM PARLOUR FRAME ,22,84.1,3.95,2
"TUMBLER, BAROQUE",56,84.03999999999999,4.595714285714286,7
WRAP FOLK ART,200,84.0,0.42,8
FROG CANDLE,64,83.78,1.376,19
RUBY DROP CHANDELIER EARRINGS,21,83.42,4.083571428571429,14
Dotcomgiftshop Gift Voucher £100.00,1,83.33,83.33,1
GREEN HEART OF GLASS BRACELET,14,83.29,5.948333333333333,6
12 HANGING EGGS HAND PAINTED,40,83.2,2.08,7
PINK GLASS TASSLE BAG CHARM ,45,82.97999999999999,1.8370000000000002,20
BLUE WIRE SPIRAL CANDLE HOLDER,12,82.57,7.411666666666666,6
SILVER  CANDLEPOT JARDIN ,22,82.5,3.75,7
FOLK ART METAL HEART T-LIGHT HOLDER,163,82.1,0.43631578947368416,19
PINK AND BLACK STRING CURTAIN,38,82.1,3.55,5
TEATIME GEL PENS ASST,504,82.08,0.24,5
BLUE BLOSSOM HAIR CLIP,70,81.96000000000001,1.755,12
TROPICAL HOLIDAY PURSE ,32,81.66,2.5416666666666665,18
A4 WALL TIDY BLUE OFFICE,127,80.96000000000001,1.0875000000000001,12
POCKET MIRROR WOODLAND,93,80.55,0.914,20
BLUE GLASS CHUNKY CHARM BRACELET,9,80.55,8.95,6
"GREETING CARD,SQUARE, DOUGHNUTS",174,80.46,0.6629629629629629,27
FLOWERS TILE HOOK,59,80.16000000000001,1.907142857142857,13
SET 36 COLOUR PENCILS DOILEY,64,80.0,1.25,3
GREEN GLASS TASSLE BAG CHARM,35,79.76,2.130625,16
PINK MURANO TWIST NECKLACE,8,79.66,9.959999999999999,6
ANT SILVER LIME GREEN BOUDICCA RING,27,79.65,2.95,10
RED PEONY CUSHION COVER ,17,79.05000000000001,4.65,5
VINTAGE KITCHEN PRINT PUDDINGS,31,79.05,2.55,7
SMALL ZINC/GLASS CANDLEHOLDER,53,78.92999999999999,1.8175,8
FIRE POLISHED GLASS BRACELET GREEN,21,78.69,3.743333333333333,9
PINK B'FLY C/COVER W BOBBLES,12,78.17,6.917142857142857,7
CUBIC MUG FLOCK BLUE ON BROWN,131,78.09,1.572857142857143,21
RASPBERRY ANT COPPER FLOWER NECKLAC,13,77.91,6.0200000000000005,8
CRYSTAL FROG PHONE CHARM,102,77.78999999999999,1.5003571428571427,28
CLASSIC CROME BICYCLE BELL ,60,77.4,1.35,2
PURPLE GLASS TASSLE BAG CHARM,42,77.03999999999999,1.7328571428571427,14
36 PENCILS TUBE POSY,79,76.91,1.061,20
PINK KNITTED EGG COSY,147,76.69,0.6940000000000001,29
POLYESTER FILLER PAD 65CMx65CM,18,76.5,4.25,6
SWEETHEART CARRY-ALL BASKET,6,76.44,12.74,6
NECKLACE+BRACELET SET BLUE HIBISCUS,27,76.38,2.8637499999999996,16
BLACK VINT ART DEC CRYSTAL NECKLACE,9,76.32,8.47,6
DROP DIAMANTE EARRINGS CRYSTAL,26,76.23,2.9235714285714285,14
PINK HEART RED HANDBAG,29,76.14,2.6994444444444445,18
CLEAR MILKSHAKE GLASS,36,75.60000000000001,2.1,5
SET OF 36 SPACEBOY PAPER DOILIES,51,75.42,1.63375,8
PARTY TIME DESIGN FLANNEL,86,75.35,1.0136,25
PERIWINKLE T-LIGHT HOLDER,48,75.02,1.7658823529411765,17
VINTAGE ENGRAVED HEART,60,75.0,1.25,4
FLORAL BATHROOM SET,20,75.0,3.75,11
Dotcomgiftshop Gift Voucher £10.00,9,74.97,8.33,8
"GREETING CARD, OVERCROWDED POOL.",270,74.7,0.4033962264150943,53
PAPER LANTERN 9 POINT HOLLY STAR 23,18,74.7,4.15,5
ALUMINIUM HEART,30,74.7,2.49,6
PINK DAISY BAG CHARM,30,74.64,2.472631578947368,19
ASSORTED FARMYARD ANIMALS IN BUCKET,90,74.58,1.0866666666666667,9
SET/6 POSIES PAPER CUPS,141,74.57000000000001,0.6025,16
DIAMANTE HAIR GRIP PACK/2 CRYSTAL,45,74.53,1.6588888888888889,27
"DECORATION HEN ON NEST, HANGING",42,74.42999999999999,2.505,6
LILY BROOCH AMETHYST COLOUR,15,74.25,4.95,8
NECKLACE+BRACELET PINK BUTTERFLY,29,73.95,2.55,10
DROP DIAMANTE EARRINGS PURPLE,25,73.53,2.934285714285714,14
"LETTER ""C"" BLING KEY RING",91,72.77,0.8336363636363636,33
PURPLE FRANGIPANI NECKLACE,29,72.66,2.5,16
EASTER BUNNY WITH BASKET ON BACK,108,72.63,0.7271428571428571,20
WATERMELON BATH SPONGE,29,72.49,2.4899999999999998,10
LUSH GREENS RIBBONS,56,72.42,1.4113333333333336,15
SPOTTED WHITE NATURAL SEED NECKLACE,72,72.0,1.0,7
SET OF 12 MINI BUNNIES IN A BUCKET,34,71.4,2.1,19
"FLOWER GLASS GARLAND NECKL.36""BLUE",9,71.4,7.92,5
SET OF 36 VINTAGE CHRISTMAS DOILIES,38,71.27,1.8175,8
ORIGAMI VANILLA INCENSE CONES,155,71.19,0.9512499999999999,8
DECROTIVEVINTAGE COFFEE GRINDER BOX,12,71.08,6.896666666666666,6
YELLOW POT PLANT CANDLE,23,71.05,3.127777777777778,9
"LETTER ""S"" BLING KEY RING",94,71.0,0.8251219512195122,41
DIAMOND LAS VEGAS NECKLACE 45CM,12,70.97,5.91375,8
CONGRATULATIONS BUNTING,13,70.85000000000001,5.45,3
"GREETING CARD, STICKY GORDON",245,70.78,0.43150943396226416,53
STRIPY DESIGN SHOWER CAP,197,70.57,0.6739999999999999,15
WAKE UP COCKEREL TILE HOOK,50,70.45,2.0805555555555557,18
EAU DE NILE JEWELLED T-LIGHT HOLDER,79,70.27,0.9918181818181818,11
CRACKED GLAZE NECKLACE RED,10,70.16,7.0442857142857145,7
WRAP BAD HAIR DAY,700,70.0,0.1,22
CLEAR STATIONERY BOX SET ,84,69.89999999999999,0.8335294117647059,17
TURQUOISE BERTIE GLASS BEAD CHARM,77,69.85,1.4785714285714284,7
ELVIS WALLHANGING / CURTAIN,52,69.84,1.5525,8
SET OF 36 DOLLY GIRL PAPER DOILIES,45,69.66,1.744,15
5 STRAND GLASS NECKLACE BLACK,11,69.63,6.3133333333333335,6
CROCHET WHITE RABBIT KEYRING ,38,69.38,2.5585714285714287,7
ROUND PURPLE CLOCK WITH SUCKER,365,69.35,0.19,24
SILVER BLACK ORBIT BRACELET,13,68.73,5.307272727272728,11
PINK METAL SWINGING BUNNY,78,68.69999999999999,1.009,10
SILVER/NATURAL SHELL NECKLACE,8,68.0,8.5,4
CHRISTMAS MUSICAL ZINC HEART ,58,67.89999999999999,1.252,10
SILVER LARIAT BLACK STONE EARRINGS,16,67.87,4.237,10
MIDNIGHT BLUE COPPER FLOWER NECKLAC,11,67.83,6.170000000000001,7
RESIN NECKLACE W PASTEL BEADS,9,67.62,7.517142857142857,7
BLUE TRAVEL FIRST AID KIT,41,67.50999999999999,1.64,14
"BATHROOM SCALES, TROPICAL BEACH",18,67.5,3.75,12
YELLOW FELT HANGING HEART W FLOWER,87,67.39,0.7927586206896551,29
SILVER DROP EARRINGS WITH FLOWER,18,67.36,3.7399999999999998,14
NEW BAROQUE B'FLY NECKLACE RED,8,67.28,8.38,6
MURANO STYLE GLASS BRACELET BLACK,18,66.7,3.7318181818181815,11
"ACRYLIC HANGING JEWEL,PINK",95,66.55,0.5042857142857143,7
BEACH HUT MIRROR,49,66.39,2.9525,8
ORIGAMI SANDLEWOOD INCENSE+FLOWER,81,66.36000000000001,1.5728571428571427,7
YELLOW BREAKFAST CUP AND SAUCER,53,66.35000000000001,2.036666666666667,18
QUEEN OF THE SKIES HOLIDAY PURSE ,25,66.26,2.693,20
SET OF 3 CONEY ISLAND OVAL BOXES,13,66.12,5.171250000000001,8
"LETTER ""L"" BLING KEY RING",94,65.03999999999999,0.8386486486486486,37
PACK/12 BLUE FOLKART CARDS,22,64.9,2.95,18
"FOLK ART GREETING CARD,pack/12",22,64.9,2.95,9
BLUE DISCO HANDBAG,31,64.81,2.346363636363636,11
CRYSTAL HOOP EARRING FLORAL LEAF,22,64.58,2.9320000000000004,15
BISCUIT TIN VINTAGE LEAF,24,64.56,2.7566666666666664,3
PINK ENAMEL FLOWER HAIR TIE,22,64.46000000000001,2.9145454545454546,11
PURPLE ENAMEL FLOWER HAIR TIE,22,64.28,2.9153333333333333,15
SPACE CADET BLACK,52,64.24,1.2942105263157895,19
"FLOWER GLASS GARLD NECKL36""TURQUOIS",8,64.08,8.046000000000001,5
AMBER GLASS/SHELL/PEARL NECKLACE,7,64.04,9.14857142857143,7
16 PC CUTLERY SET PANTRY DESIGN,4,63.8,15.95,1
SILVER LATTICE VANILLA CANDLE POT,17,63.75,3.75,7
BLUE SQUARE COMPACT MIRROR,51,63.75,1.25,8
PINK FLY SWAT,92,63.720000000000006,0.7040909090909091,43
BLACK GEMSTONE NECKLACE 45CM,5,63.480000000000004,12.696000000000002,5
"ACRYLIC JEWEL SNOWFLAKE, PINK",162,63.28000000000001,0.724,5
TURQ ICE CREAM BUM BAG ,19,63.209999999999994,4.08125,8
GREEN PENDANT TRIPLE SHELL NECKLACE,12,63.11,5.321,10
SAMPLES,2,63.05,31.525,2
CHRISTMAS CRAFT HEART STOCKING ,30,63.0,2.1,1
METAL RABBIT LADDER EASTER ,74,62.9,0.85,16
ORIGAMI OPIUM INCENSE/CANDLE SET ,44,62.64,2.3169999999999997,10
RED DAISY PAPER LAMPSHADE,50,62.5,1.25,6
MONEY BOX FIRST ADE DESIGN,50,62.5,1.25,13
SMALL HANGING GLASS+ZINC LANTERN,43,62.349999999999994,1.45,8
BLACK BIRD GARDEN DESIGN MUG,106,62.239999999999995,1.366470588235294,16
FAWN AND MUSHROOM GREETING CARD,128,62.06,0.6605263157894736,19
ZINC HEART LATTICE CHARGER SMALL,21,61.95,2.95,8
CLEAR ACRYLIC FACETED BANGLE,41,61.56,2.1514285714285717,7
CRYSTAL SEA HORSE PHONE CHARM,107,61.459999999999994,1.4872,25
FLOWERS HANDBAG blue and orange,49,61.25,1.25,3
"WALL ART ,PUDDINGS ",8,61.2,7.85,2
AMETHYST DROP EARRINGS W LONG BEADS,21,61.08,2.9105882352941173,17
CD WALL TIDY RED FLOWERS,163,61.05,0.55125,8
HANGING RIDGE GLASS T-LIGHT HOLDER,36,60.84,1.69,2
"LETTER ""K"" BLING KEY RING",78,60.699999999999996,0.8915789473684211,38
ORIENTAL RED CUSHION COVER ,13,60.45,4.65,4
CREAM CLIMBING HYDRANGA ART FLOWER,32,60.0,2.5,4
BILI NUT AND WOOD NECKLACE,50,59.89,2.412857142857143,7
GOLD DIAMANTE STAR BROOCH,12,59.800000000000004,4.9944444444444445,9
"BREAD BIN, DINER STYLE, IVORY",4,59.8,14.95,1
"BREAD BIN, DINER STYLE, MINT",4,59.8,14.95,1
SET 10 CARDS DRESSING UP 17077,24,59.760000000000005,2.49,10
SET OF 72 GREEN PAPER DOILIES,41,59.449999999999996,1.45,18
I LOVE LONDON WALL ART,12,59.400000000000006,4.95,2
RUSTIC STRAWBERRY JAMPOT SMALL,36,59.39999999999999,1.6499999999999997,3
WAY OUT METAL SIGN ,36,59.39999999999999,1.65,8
ENGLISH ROSE METAL WASTE BIN,20,59.0,2.95,11
GREEN ENAMEL FLOWER HAIR TIE,20,58.71,2.932857142857143,14
GARDEN PATH POCKET BOOK,69,58.65,0.85,21
PINK FOXGLOVE ARTIIFCIAL FLOWER,23,58.64999999999999,2.55,4
COLUMBIAN  CUBE CANDLE ,105,58.62,0.9872727272727272,11
SILVER/AMETHYST DROP EARRINGS LEAF,20,58.43,2.92,19
PINK ROUND COMPACT MIRROR,40,58.16,2.27,4
DIAMANTE BOW BROOCH BLACK COLOUR,9,58.03,6.438,5
BLACK ORANGE SQUEEZER,138,57.96,0.42000000000000004,21
GREY ACRYLIC FACETED BANGLE,34,57.55,2.415,10
TOP SECRET PEN SET,46,57.5,1.25,10
RETRO PINK BALL ASHTRAY ,46,57.5,1.25,13
4 BURGUNDY WINE DINNER CANDLES,45,57.46,1.343076923076923,13
SET 4 NURSERY DES ROUND BOXES,55,57.25,1.55,9
"LETTER ""J"" BLING KEY RING",71,57.21,0.8602439024390243,41
GREEN EASTER EGG HUNT START POST,28,56.779999999999994,2.148181818181818,11
5 STRAND GLASS NECKLACE AMETHYST,9,56.59,6.28,8
PINK/PURPLE CIRCLE CURTAIN,52,56.52,1.3414285714285714,6
ROSE COLOUR PAIR HEART HAIR SLIDES,15,56.31,3.7600000000000002,10
BLUE TABLE RUN FLOWER,45,56.25,1.25,11
GLASS AND PAINTED BEADS BRACELET TO,15,56.15,3.7399999999999998,10
CRACKED GLAZE NECKLACE IVORY,8,55.72,6.98,4
CLASSICAL ROSE TABLE LAMP,6,55.7,11.95,2
TEATIME PEN CASE & PENS,65,55.25,0.85,14
FILIGREE DIAMANTE EARRINGS,13,55.02,4.224444444444445,9
BLACK SMALL GLASS CAKE STAND,61,54.99,1.17,12
SILVER M.O.P. ORBIT NECKLACE,11,54.800000000000004,6.675,6
RUBY GLASS CLUSTER EARRINGS,44,54.62,1.2387878787878788,33
COLUMBIAN CUBE CANDLE,28,54.599999999999994,1.95,12
GOLD WASHBAG,27,54.57,2.026,10
MURANO STYLE GLASS BRACELET GOLD,15,54.42,3.6689999999999996,10
CHRYSANTHEMUM POCKET BOOK ,64,54.4,0.85,20
MURANO STYLE GLASS BRACELET RED,14,54.290000000000006,3.908,5
FAIRY CAKE NOTEBOOK A5 SIZE,55,54.04,1.3225,12
BLUE TILED TRAY,8,54.0,6.75,4
BLACK CHERRY LIGHTS,8,54.0,6.75,1
SPACEBOY MINI RUCKSACK,13,53.95,4.15,4
"GREETING CARD, TWO SISTERS.",127,53.88,0.5189999999999999,40
MIDNIGHT BLUE DROP CRYSTAL NECKLACE,11,53.760000000000005,7.212000000000001,5
"PEARL & SHELL 42""NECKL. GREEN",5,53.62,10.706666666666665,3
ZINC HEART LATTICE TRAY OVAL ,9,53.550000000000004,5.95,7
GREEN FERN POCKET BOOK,63,53.55,0.85,22
TURQUOISE HEART OF GLASS BRACELET,9,53.42,5.924,5
JET BLACK LAS VEGAS NECKLACE 45CM,9,53.260000000000005,5.903333333333333,6
"LETTER ""E"" BLING KEY RING",72,53.199999999999996,0.8506666666666667,30
BLUE ROSE PATCH PURSE PINK BUTTERFL,32,52.8,1.65,8
WHITE ROSEBUD & PEARL NECKLACE,7,52.72,7.516,5
2 DAISIES HAIR COMB,18,52.56,2.9091666666666662,12
BLUE CLIMBING HYDRANGA ART FLOWER,38,52.5,2.0833333333333335,3
HELLO SAILOR BATHROOM SET,14,52.5,3.75,9
DIAMANTE NECKLACE PURPLE,7,52.5,7.5,4
WHITE/PINK MINI CRYSTALS NECKLACE,10,52.42,5.367142857142857,7
TURQ PENDANT TRIPLE SHELL NECKLACE,10,52.31,5.3012500000000005,8
COLOURFUL FLOWER FRUIT BOWL,17,52.2,2.2875,12
DOORKNOB CERAMIC IVORY,36,52.199999999999996,1.45,1
RETO LEAVES MAGNETIC SHOPPING LIST,36,52.199999999999996,1.45,3
LA PALMIERA TILE HOOK,47,51.86,1.5635714285714286,14
FRENCH CHATEAU SMALL FRUITBOWL,24,51.599999999999994,2.025,8
LARGE MINT DIAMANTE HAIRSLIDE,31,51.51,1.6624999999999999,16
RETRO BROWN BALL ASHTRAY ,41,51.25,1.25,5
VINTAGE PHOTO ALBUM PARIS DAYS,8,50.8,6.349999999999999,3
SET OF 4 GREEN CAROUSEL COASTERS,35,50.75,1.7029411764705882,17
BLUE FELT HANGING HEART WITH FLOWER,75,50.57,0.7040000000000001,30
SILVER BLACK ORBIT DROP EARRINGS,12,50.400000000000006,4.183333333333334,9
S/3 POT POURI CUSHIONS BLUE COLOURS,24,50.400000000000006,2.1,2
FUSCHIA VOILE POINTY SHOE DEC,97,50.31,0.702,15
PINK FEATHERS CURTAIN,52,50.28,0.9433333333333334,3
"LETTER ""D"" BLING KEY RING",68,49.9,0.865625,32
"LETTER ""M"" BLING KEY RING",60,49.82,0.8742857142857143,28
PURPLE AMETHYST NECKLACE W TASSEL,5,49.81,9.962,5
SET 10 CARD KRAFT REINDEER 17084,20,49.800000000000004,2.4899999999999998,14
VEGETABLE MAGNETIC  SHOPPING LIST,36,49.8,1.3833333333333335,3
VINTAGE ENAMEL & CRYSTAL NECKLACE,10,49.760000000000005,4.9925,4
CHERRY BLOSSOM PURSE,20,49.69,2.490625,16
WHITE ENAMEL FLOWER HAIR TIE,17,49.65,2.91,10
MOP PENDANT SHELL NECKLACE,10,49.64,4.985,4
RIVIERA NECKLACE,10,49.59,4.968000000000001,5
CORDIAL JUG,6,49.5,8.25,2
SET/6 GREEN SPRING PAPER CUPS,233,48.99,0.2844,25
PINK FLOWERS RABBIT EASTER,21,48.95,2.35,5
GLASS AND PAINTED BEADS BRACELET OL,13,48.77,3.7525,8
BUTTONS AND STRIPES NOTEBOOK ,13,48.75,3.75,7
FLOWER BURST SILVER RING CRYSTAL,13,48.71,3.7455555555555557,9
CAKE SHOP  STICKER SHEET,57,48.449999999999996,0.85,8
LITTLE GREEN MONSTER SOFT TOY,19,48.449999999999996,2.55,11
SUNJAR LED NIGHT NIGHT LIGHT,3,48.39,16.13,2
LARGE CRYSTAL DIAMANTE HAIRSLIDE,29,48.209999999999994,1.6553333333333333,15
PURPLE DRESS JEWELLERY STAND,61,48.19,0.79,3
AQUA BERTIE GLASS BEAD BAG CHARM,30,48.06,2.0741666666666667,12
CHRISTMAS TREE T-LIGHT HOLDER,33,47.849999999999994,1.45,7
DAISY HAIR COMB,19,47.839999999999996,2.502727272727273,11
FLOWER GARLAND NECKLACE RED,6,47.7,7.95,4
"WALL ART , LOVES' SECRET ",8,47.6,5.95,2
WHITE ROSEBUD  PEARL EARRINGS,19,47.43,2.493888888888889,18
LOVE POTION MASALA INCENSE,225,47.25,0.21,8
WHITE VINTAGE CRYSTAL BRACELET,7,47.25,6.75,4
YELLOW/BLUE RETRO RADIO,16,47.2,2.95,7
RED PEONY TABLE CLOCK,16,47.2,2.95,10
SET OF 6 ICE CREAM SKITTLES,16,47.2,2.9500000000000006,3
PINK SMALL GLASS CAKE STAND,24,46.8,1.95,1
BLUE MONTE CARLO HANDBAG,24,46.8,1.95,1
SILVER/CRYSTAL DROP EARRINGS W LEAF,16,46.76,2.911,10
RED POLKADOT PUDDING BOWL,34,46.39,1.7125000000000001,7
WHITE WIRE PLANT POT HOLDER,16,46.24,2.89,2
WHITE HYDRANGEA ART FLOWER,22,46.2,2.1,3
PAPER LANTERN 5 POINT STUDDED STAR,8,46.0,5.75,4
ROMANTIC IMAGES SCRAP BOOK SET,16,45.9,3.892857142857143,7
BLACK DROP CRYSTAL NECKLACE,13,45.35000000000001,5.283333333333333,3
BLACK VINTAGE  CRYSTAL EARRINGS,12,45.0,3.75,7
SET 6 CARDS SPARKLY REINDEER 17262,9,44.910000000000004,4.99,4
IVORY PENDANT TRIPLE SHELL NECKLACE,9,44.86,5.0120000000000005,5
PINK BUTTERFLY CUSHION COVER,23,44.849999999999994,1.95,5
FROG SOCK PUPPET,15,44.25000000000001,2.95,8
VIP HOLIDAY PURSE,14,44.04,3.2436363636363637,11
BLUE FLOWER DES PURSE,44,43.66,0.9700000000000001,6
"RETRO PILL BOX KEY CHAIN,THE KING",235,43.65,0.18928571428571428,14
CHUNKY CRACKED GLAZE NECKLACE IVORY,4,43.510000000000005,10.877500000000001,4
LITTLE PINK MONSTER SOFT TOY,17,43.349999999999994,2.55,8
BLUE CHENILLE SHAGGY CUSHION COVER ,43,43.15,1.0333333333333334,12
T-LIGHT HOLDER SILVER SAUCER,44,42.919999999999995,1.3299999999999998,8
KNITTED RABBIT DOLL ,26,42.9,1.65,2
WRAP SUMMER ROSE DESIGN,102,42.84,0.42000000000000004,5
GOLD TEDDY BEAR,15,42.7,5.54,5
TRANSPARENT ACRYLIC TAPE DISPENSER,40,42.58,1.3088235294117647,17
PINK BUTTERFLY WASHBAG,9,42.29,4.923333333333333,6
PINK BREAKFAST CUP AND SAUCER ,21,42.27,2.47,9
NEW BAROQUE SMALL NECKLACE BLACK,5,42.14,8.41,4
NEW BAROQUE B'FLY NECKLACE CRYSTAL,5,42.13,8.4075,4
TRANQUILITY MASALA INCENSE,200,42.0,0.21,7
WRAP  VINTAGE DOILEY ,100,42.0,0.42,2
"WRAP, CAROUSEL",100,42.0,0.42,4
WHITE MURANO TWIST BRACELET,10,41.790000000000006,4.208,5
ECONOMY HOLIDAY PURSE,30,41.53,1.7123529411764706,17
PAPER LANTERN 5 POINT STAR MOON 30,10,41.5,4.15,5
FAN BLACK FRAME ,143,41.47,0.29,12
DIAMANTE HAIR GRIP PACK/2 PERIDOT,25,41.449999999999996,1.6605263157894736,19
DIAMANTE HAIR GRIP PACK/2 RUBY,25,41.37,1.6553333333333333,15
FIRE POLISHED GLASS BRACELET MONTAN,11,41.31,3.76,6
ANT SILVER FUSCHIA BOUDICCA RING,14,41.300000000000004,2.95,7
CREAM AND PINK FLOWERS PONY ,11,41.25,3.75,5
"STRING OF 8 BUTTERFLIES,PINK",25,41.24999999999999,1.65,6
CREAM BUNNY EASTER EGG BASKET,25,41.24999999999999,1.6499999999999997,3
PINK VINTAGE VICTORIAN EARRINGS,14,41.150000000000006,2.9285714285714284,7
DROP DIAMANTE EARRINGS GREEN,14,41.080000000000005,2.9255555555555555,9
DROP DIAMANTE EARRINGS BLACK DIAMON,14,41.010000000000005,2.922857142857143,7
BLACK 3 BEAD DROP EARRINGS,14,40.96,2.9122222222222223,9
GREEN STONE/CRYSTAL EARRINGS,14,40.95,2.9223076923076925,13
CLASSIC DIAMANTE EARRINGS JET,14,40.900000000000006,2.9055555555555554,9
MINITURE ANTIQUE ROSE HOOK IVORY,48,40.8,0.85,4
CD WALL TIDY BLUE OFFICE,103,40.379999999999995,0.71375,8
DOGGY RUBBER,192,40.32,0.21,29
"LETTER ""G"" BLING KEY RING",60,40.199999999999996,0.8353333333333333,30
ROUND BLUE CLOCK WITH SUCKER,211,40.09,0.19,10
CANDY SPOT TEA COSY,27,40.05,2.3,2
GREEN DROP EARRINGS W BEAD CLUSTER,12,40.03,3.3325,8
PINK ROSEBUD PEARL EARRINGS,16,39.98,2.5,15
PINK CLEAR GLASS CANDLE PLATE,30,39.92,1.6533333333333333,5
ROCOCO WALL MIROR,2,39.9,19.95,1
ORANGE/WHT/FUSCHIA STONES NECKLACE,8,39.660000000000004,4.965,2
FREESTYLE CANVAS ART PICTURE,41,39.65,1.2444444444444445,18
CHILDRENS SPACEBOY MUG,24,39.599999999999994,1.65,2
PINK DOG CANNISTER,14,39.3,3.95,4
SET/4 BUTTERFLY MIRROR MAGNETS,79,39.199999999999996,1.2646153846153847,13
MULTICOLOUR EASTER RABBIT ,20,39.0,1.95,4
FUSCHIA TABLE RUN FLOWER ,27,38.75,1.75,5
WHITE VINTAGE CRYSTAL EARRINGS,10,38.7,3.9500000000000006,6
BLUE POLKADOT PUDDING BOWL,29,38.67,1.45875,7
CANDY SPOT BUNNY,13,38.35,2.95,5
PINK EASTER HENS+FLOWER,14,38.31,2.6033333333333335,9
LA PALMIERA WALL THERMOMETER,15,38.25,2.55,10
NEW BAROQUE BLACK BOXES,3,38.25,12.75,3
GOLD/AMBER DROP EARRINGS W LEAF,13,38.18,2.924285714285714,7
FLAG OF ST GEORGE ,23,37.95,1.65,7
PINK CHRYSANTHEMUMS ART FLOWER,18,37.800000000000004,2.1,1
MONTANA DIAMOND CLUSTER NECKLACE,4,37.66,9.363333333333333,3
5 STRAND GLASS NECKLACE AMBER,6,37.620000000000005,6.2700000000000005,6
JET BLACK LAS VEGAS BRACELET ROUND,10,37.62,3.765,8
PAPER LANTERN 9 POINT HOLLY STAR 40,6,37.5,6.25,3
IVORY SCULPTED RND CANDLE ,44,37.4,0.85,7
ASSORTED COLOUR SUCTION CUP HOOK,196,37.24,0.19,13
BLACK DIAMOND CLUSTER NECKLACE,4,37.239999999999995,9.43,3
HOT WATER BOTTLE BABUSHKA LARGE,8,37.2,4.65,1
BLACK MEDIUM GLASS CAKE STAND,17,37.11,1.9,8
MONEY BOX FIRST AID DESIGN,44,36.78,1.3136363636363635,11
PINK PARTY SUNGLASSES,20,36.76,1.8166666666666667,12
"LETTER ""H"" BLING KEY RING",48,36.76,0.8546666666666667,30
CRYSTAL STILETTO PHONE CHARM,34,36.76,1.48,10
SQUARE METAL CANDLEHOLDER BASE,52,36.519999999999996,0.8099999999999999,8
CROCHET BEAR RED/BLUE  KEYRING,22,36.3,1.65,4
VANILLA INCENSE 40 CONES IN TIN,29,36.25,1.25,12
HEN HOUSE W FAMILY IN BARN & NEST,51,36.21,0.829,10
ASSORTED CAKES FRIDGE MAGNETS,55,35.75,0.65,8
NECKLACE+BRACELET SET FRUIT SALAD ,14,35.699999999999996,2.55,13
WHITE/PINK CHICK EASTER DECORATION,36,35.48,1.0939999999999999,10
BLACK FINE BEAD NECKLACE W TASSEL,6,35.44,5.906666666666666,6
WHITE HEART OF GLASS BRACELET,6,35.31,5.872,5
AMBER FINE BEAD NECKLACE W TASSEL,6,35.31,5.872,5
BLACK CRYSTAL DROP EARRINGS,12,35.27,2.9314285714285715,7
FIRE POLISHED GLASS NECKL GREEN,6,35.160000000000004,5.86,6
"RETRO PILL BOX , REVOLUTIONARY",189,35.14,0.21,11
PINK/AMETHYST/GOLD NECKLACE,5,34.870000000000005,7.01,2
LEAVES MAGNETIC  SHOPPING LIST,24,34.8,1.45,2
IVORY GOLD METAL BAG CHARM,5,34.77,8.290000000000001,3
DIAMANTE HAIR GRIP PACK/2 LT ROSE,21,34.69,1.6528571428571428,14
GOLD APERITIF GLASS,88,34.32,0.39,2
FUNKY FLOWER PICNIC BAG FOR 4,2,33.9,16.95,2
GLASS BEAD HOOP NECKLACE GREEN,4,33.82,8.44,3
NEW BAROQUE B'FLY NECKLACE GREEN,4,33.81,8.436666666666667,3
GLASS AND BEADS BRACELET IVORY,9,33.69,3.735,4
FLOWER BLUE CLOCK WITH SUCKER,116,33.64,0.29,8
BLACK SIL'T SQU CANDLE PLATE ,16,33.6,2.1,2
AMBER GLASS TASSLE BAG CHARM,14,33.440000000000005,2.0157142857142856,7
DOLLY GIRL MINI RUCKSACK,8,33.2,4.15,2
WHITE WITH BLACK CATS PLATE,78,33.18,0.5433333333333333,3
WHITE CHRISTMAS FLOCK DROPLET ,25,32.51,1.88,2
FLOWER FAIRY INCENSE BOUQUET,61,32.349999999999994,0.9039999999999999,5
AMETHYST HOOP EARRING FLORAL LEAF,11,32.16,2.9233333333333333,9
HARDMAN MUG 3 ASSORTED,64,32.03,0.9338461538461539,13
DANISH ROSE UMBRELLA STAND,2,31.9,15.95,2
"FLOWER GLASS GARLAND NECKL.36""GREEN",4,31.8,7.95,2
SET 10 CARDS CHEERFUL ROBIN 17065,15,31.200000000000003,2.08,10
SET 12 COLOUR PENCILS DOILEY,48,31.200000000000003,0.65,3
CANNABIS LEAF BEAD CURTAIN,36,30.599999999999998,0.85,2
BAKING MOULD CHOCOLATE CUP CAKES,12,30.599999999999998,2.55,2
YULETIDE IMAGES S/6 PAPER BOXES,12,30.599999999999998,2.55,7
BAKING MOULD CUPCAKE CHOCOLATE,12,30.599999999999998,2.55,1
MULTICOLOUR POLKADOT PLATE,29,30.43,2.776666666666667,3
DIAMANTE NECKLACE BLACK ,4,30.12,7.54,3
SET/9 CHRISTMAS T-LIGHTS SCENTED ,24,30.0,1.25,7
GIFT BAG LARGE 50'S CHRISTMAS,24,30.0,1.25,2
BIRTHDAY BANNER TAPE,24,30.0,1.25,1
BUTTERFLY CUSHION COVER,8,30.0,3.75,2
ENAMEL BOWL PANTRY,24,30.0,1.25,2
ENAMEL JUG PANTRY,8,30.0,3.75,2
BLACK CHRISTMAS FLOCK DROPLET ,24,30.0,1.25,1
DIAMANTE NECKLACE GREEN,4,29.98,7.493333333333333,3
BLACK GEMSTONE BRACELET,4,29.98,7.495,4
FIRE POLISHED GLASS BRACELET RED,8,29.96,3.736666666666667,3
CAPIZ CHANDELIER,1,29.95,29.95,1
JADE CRYSTAL+GLASS BRACELET,6,29.93,4.988333333333333,6
GLASS CAKE COVER AND PLATE,2,29.9,14.95,1
SILVER/BLACK ORBIT NECKLACE,3,29.849999999999998,9.95,2
PALE PINK/AMETHYST STONE NECKLACE,3,29.849999999999998,9.95,2
COTE D'AZURE NECKLACE,6,29.790000000000003,4.968000000000001,5
PINK MURANO TWIST BRACELET,7,29.73,4.243333333333333,3
ANTIQUE OLIVE GREEN FLOWER EARRINGS,7,29.73,4.246,5
LIGHTHOUSE PRINTED METAL SIGN,6,29.700000000000003,4.95,3
"WALL ART,ONLY ONE PERSON ",6,29.700000000000003,4.95,1
MODERN VINTAGE COTTON SHOPPING BAG,22,29.7,1.67,8
PINK FLOCK GLASS CANDLEHOLDER,38,29.68,0.8879999999999999,5
"ACRYLIC JEWEL ANGEL,PINK",78,29.64,0.38,2
"LETTER ""I"" BLING KEY RING",38,29.619999999999997,0.7838461538461539,13
CHERRY BLOSSOM TABLE CLOCK ,8,29.599999999999998,3.6999999999999997,4
BLUE STONES ON WIRE FOR CANDLE,352,29.59,0.10294117647058823,17
ANT SILVER PURPLE BOUDICCA RING,10,29.500000000000004,2.95,5
15 PINK FLUFFY CHICKS IN BOX,10,29.5,2.95,7
OLD DOC RUSSEL METAL SIGN,14,29.400000000000002,2.1,3
FRENCH CHATEAU OVAL PLATTER,15,29.25,1.95,6
"LETTER ""N"" BLING KEY RING",41,29.23,0.8416666666666667,24
BLACK DROP EARRINGS W LONG BEADS,10,29.05,2.9050000000000002,10
GLITTER SNOW PEAR TREE DECORATION,20,28.999999999999996,1.45,3
GLOW IN DARK DOLPHINS,138,28.98,0.21,31
SILVER/NAT SHELL NECKLACE W PENDANT,5,28.76,5.752000000000001,5
WHITE ALLIUM  ARTIFICIAL FLOWER,17,28.73,1.69,4
CLEAR CRYSTAL STAR PHONE CHARM,52,28.569999999999997,1.1889999999999998,10
GLASS BEAD HOOP EARRINGS AMETHYST,9,28.4,3.2583333333333333,6
ASS COL LARGE SAND FROG P'WEIGHT,27,28.35,1.05,7
PACK OF 12 DOILEY TISSUES,72,28.08,0.39,2
PURPLE FOXGLOVE ARTIIFCIAL FLOWER,11,28.049999999999997,2.55,3
JADE GREEN ENAMEL HAIR COMB,14,28.02,2.022,10
"LETTER ""R"" BLING KEY RING",41,28.009999999999998,0.8251999999999999,25
PINK NEW BAROQUE FLOCK CANDLESTICK,6,27.900000000000002,4.65,3
SET 10 CARDS OUT OF ORDER 17216,11,27.39,2.49,9
SET 10 XMAS CARDS & BADGES 17070,11,27.39,2.49,6
LARGE ROUND CUTGLASS CANDLESTICK,2,27.14,13.57,1
PINK CHERRY LIGHTS,4,27.0,6.75,1
High Resolution Image,4,27.0,8.5,3
ASSORTED COLOURED CIRCLE MOBILE ,64,26.88,0.42,7
DUSTY PINK CHRISTMAS TREE 60CM,9,26.550000000000004,2.95,2
FROG KING WATERING CAN,9,26.55,2.95,2
DIAMANTE HAIR GRIP PACK/2 BLACK DIA,16,26.52,1.6619999999999997,10
GINGHAM OVEN GLOVE RED HEART ,5,26.490000000000002,5.04,3
BEST DAD CANDLE LETTERS,31,26.349999999999998,0.85,8
PURPLE LAS VEGAS BRACELET ROUND,7,26.25,3.75,3
SET 10 CARDS WISHING TREE 17116,9,26.19,2.91,7
ENVELOPE 50 CURIOUS IMAGES,49,26.17,0.6154545454545454,10
BLUE FELT HANGING HEART W FLOWER,16,26.11,1.645,2
SET OF 16 VINTAGE IVORY CUTLERY,2,25.5,12.75,2
GLASS BEAD HOOP NECKLACE AMETHYST,3,25.5,8.5,3
GLASS BEAD HOOP NECKLACE MONTANA,3,25.32,8.44,3
TINY CRYSTAL BRACELET GREEN,10,25.279999999999998,2.506,5
PURPLE VINTAGE EARRINGS,6,25.17,4.180000000000001,3
IVORY SHELL HEART EARRINGS,10,25.07,2.502222222222222,9
IVORY PANTRY HANGING LAMP ,2,25.0,12.5,1
LADLE LOVE HEART PINK,39,24.98,0.7507692307692307,13
BELL HEART ANTIQUE GOLD,12,24.96,2.08,1
SILVER/BLACK PENDANT ORBIT NECKLACE,3,24.96,8.32,3
SET 10 CARDS PERFECT POST 17090,10,24.900000000000002,2.4899999999999998,7
SET OF 4 KNICK KNACK TINS  DOILEY ,6,24.900000000000002,4.15,1
S/4 BLACK DISCO PARTITION PANEL,3,24.869999999999997,8.29,1
COPPER AND BRASS BAG CHARM,4,24.810000000000002,7.455,2
DIAMANTE HAIR GRIP PACK/2 MONTANA,15,24.79,1.654,10
"LETTER ""B"" BLING KEY RING",37,24.77,0.8281818181818181,22
GARDEN PATH NOTEBOOK ,15,24.75,1.65,8
GIRLY PINK TOOL SET,5,24.75,4.95,1
SILVER LOOKING MIRROR,5,24.75,4.95,2
ORANGE PENDANT TRIPLE SHELL NECKLAC,5,24.75,4.95,2
75 BLACK PETIT FOUR CASES,58,24.36,0.42,18
MONTANA DIAMOND CLUSTER EARRINGS,9,24.119999999999997,2.8425,4
BLUE EASTER EGG HUNT START POST,10,23.86,2.6766666666666663,6
SET/3 FLORAL GARDEN TOOLS IN BAG,3,23.85,7.95,2
PINK/WHITE RIBBED MELAMINE JUG,3,23.85,7.95,3
TOAST ITS - DINOSAUR,19,23.75,1.25,10
WHITE BIRD GARDEN DESIGN MUG,7,23.63,8.69,2
RABBIT EASTER DECORATION,8,23.6,2.9500000000000006,3
CRYSTAL CZECH CROSS PHONE CHARM,25,23.47,1.4699999999999998,9
"GARLAND, MAGIC GARDEN 1.8M",12,23.4,1.95,1
CANNISTER VINTAGE LEAF DESIGN,12,23.4,1.95,2
DIAMANTE NECKLACE,3,23.32,7.91,2
SET 10 CARD CHRISTMAS WELCOME 17112,8,23.28,2.91,6
AMBER 3 BEAD DROP EARRINGS,8,23.2,2.9,8
PURPLE FRANGIPANI HAIRCLIP,28,23.16,0.8291666666666666,12
STORAGE TIN VINTAGE DOILEY ,7,23.13,4.34,2
ZINC PLANT POT HOLDER,8,23.12,2.89,1
HANGING HEART BASKET,11,23.1,2.1,3
PINK FELT EASTER EGG BASKET,14,23.099999999999998,1.65,4
DOTCOMGIFTSHOP TEA TOWEL,13,23.089999999999996,2.4699999999999998,2
"LETTER ""Y"" BLING KEY RING",66,22.839999999999996,0.7525,8
ZINC T-LIGHT HOLDER STARS LARGE,24,22.799999999999997,0.95,2
CRACKED GLAZE EARRINGS RED,9,22.58,2.5088888888888885,9
DROP EARRINGS W FLOWER & LEAF,9,22.58,2.5171428571428573,7
FIRE POLISHED GLASS BRACELET BLACK,6,22.48,3.7466666666666666,6
CLASSIC DIAMANTE NECKLACE JET,3,22.48,7.49,2
SET 10 CARDS SCOTTIE DOG 17211,9,22.410000000000004,2.49,8
SET 10 CHRISTMAS CARDS HOHOHO 16956,9,22.410000000000004,2.49,4
BIRD BOX CHRISTMAS TREE DECORATION,24,22.06,1.087142857142857,6
"PEARL & SHELL 42""NECKL. IVORY",2,21.5,10.75,1
BIRD ON BRANCH CANVAS SCREEN,11,21.45,1.95,1
CROCHET DOG KEYRING,13,21.449999999999996,1.65,2
FLORAL BLUE MONSTER,5,21.25,4.25,4
ANTIQUE MID BLUE FLOWER EARRINGS,5,21.15,4.216666666666667,3
ANTIQUE OPAL WHITE FLOWER EARRINGS,5,21.130000000000003,4.226000000000001,5
AMBER BERTIE GLASS BEAD BAG CHARM,11,21.05,1.9419999999999997,10
WRAP A PRETTY THANK YOU,50,21.0,0.42,2
WRAP GREEN RUSSIAN FOLKART ,50,21.0,0.42,2
KEEP CALM BIRTHDAY WRAP,50,21.0,0.42,2
ANTIQUE RASPBERRY FLOWER EARRINGS,5,20.950000000000003,4.175000000000001,4
HEAVENS SCENT FRAGRANCE OILS ASSTD,72,20.88,0.29,1
WOODLAND MINI RUCKSACK ,5,20.75,4.15,2
ROSE PENDANT TRIPLE SHELL NECKLACE,4,20.36,5.23,2
"LETTER ""P"" BLING KEY RING",39,20.229999999999997,0.8125,16
WHITE SILVER NECKLACE SHELL GLASS,2,20.17,10.085,2
BLUE FLOCK CUSHION COVER ,8,20.0,2.9166666666666665,3
SET 10 CARDS JINGLE BELLS 16957,8,19.92,2.49,5
SET 10 CARDS SNOWY SNOWDROPS  17100,8,19.92,2.49,4
SET 10 CARDS JINGLE BELLS 17217,8,19.92,2.4899999999999998,7
GIANT MEDINA STAMPED METAL BOWL ,2,19.9,9.95,2
"CAKESTAND, 3 TIER, LOVEHEART",2,19.9,9.95,1
YELLOW/PINK CERAMIC CANDLE HOLDER,6,19.81,3.3075,4
RESIN BRACELET W PASTEL BEADS,4,19.8,4.95,3
DOORKNOB CRACKED GLAZE PINK,12,19.799999999999997,1.65,2
ENAMEL DINNER PLATE PANTRY,12,19.799999999999997,1.65,1
DOORKNOB CRACKED GLAZE GREEN,12,19.799999999999997,1.65,2
PINK SMALL JEWELLED PHOTOFRAME,12,19.799999999999997,1.65,9
YELLOW/ORANGE FLOWER DESIGN PLATE,68,19.72,0.29,2
FRENCH CHATEAU LARGE FRUIT BOWL ,10,19.5,1.95,4
"RETRO TIN ASHTRAY,REVOLUTIONARY",52,19.4,0.38,4
WHITE BEADED GARLAND STRING 20LIGHT,3,19.049999999999997,6.35,2
CLAM SHELL LARGE,5,18.75,3.75,4
CRYSTAL CHANDELIER T-LIGHT HOLDER,3,18.75,6.25,1
DAIRY MAID  PUDDING BOWL,5,18.75,3.75,2
SMALL TAHITI BEACH BAG,4,18.6,4.65,1
PEARL AND CHERRY QUARTZ BRACLET,5,18.27,3.6925,4
BLACK FEATHER CHRISTMAS DECORATION,96,18.240000000000002,0.19,7
CUPID SCENTED CANDLE IN GLASS,11,18.15,1.65,4
 TOADSTOOL BEDSIDE LIGHT ,2,17.9,8.95,1
FIRE POLISHED GLASS NECKL BRONZE,3,17.85,5.95,3
VINTAGE GLASS TEA CADDY,3,17.85,5.95,3
LADLE LOVE HEART RED ,24,17.82,0.8022222222222222,9
LARGE TAHITI BEACH BAG,2,17.82,8.91,2
ROUND CACTUS CANDLE,6,17.700000000000003,2.95,4
ANT SILVER TURQUOISE BOUDICCA RING,6,17.700000000000003,2.95,1
GLASS BEAD HOOP EARRINGS BLACK,6,17.66,2.936666666666667,3
PURPLE FINE BEAD NECKLACE W TASSEL,3,17.59,5.863333333333333,3
MIDNIGHT BLUE CRYSTAL DROP EARRINGS,6,17.509999999999998,2.918333333333333,6
WHITE STONE/CRYSTAL EARRINGS,6,17.5,2.9166666666666665,6
PINK/WHITE CHRISTMAS TREE 30CM,46,17.48,0.38,2
SET 10 CARDS XMAS GRAPHIC  17218,7,17.43,2.49,2
JAM JAR WITH BLUE LID,24,17.28,0.72,1
PINK/GREEN FLOWER DESIGN BIG MUG,40,17.16,0.48176470588235293,16
VINTAGE BEAD PINK JEWEL BOX,4,17.0,4.25,3
GLASS BELL JAR LARGE,2,17.0,8.5,1
MINT DINER CLOCK,2,17.0,8.5,1
PURPLE/COPPER HANGING LAMPSHADE,20,17.0,0.85,8
ENGLISH ROSE SCENTED HANGING HEART,4,17.0,4.25,2
HOLLY TOP CHRISTMAS STOCKING,20,17.0,0.85,7
GLASS BEAD HOOP NECKLACE BLACK,2,17.0,8.5,1
*Boombox Ipod Classic,1,16.98,16.98,1
Dad's Cab Electronic Meter,2,16.94,8.47,2
*USB Office Mirror Ball,2,16.94,8.47,2
NEW BAROQUE B'FLY NECKLACE PINK,2,16.82,8.41,2
NEW BAROQUE B'FLY NECKLACE MONTANA,2,16.810000000000002,8.405000000000001,2
PINK POODLE HANGING DECORATION ,5,16.8,3.36,2
BLUE/YELLOW FLOWER DESIGN BIG MUG,31,16.77,0.65,12
SET 10 CARDS CHRISTMAS TREE 16955,5,16.65,3.3299999999999996,5
HAYNES CAMPER SHOULDER BAG,1,16.63,16.63,1
PINK COMBO MINI CRYSTALS NECKLACE,3,16.310000000000002,5.436666666666667,3
BLUE HOLE PUNCH,13,16.25,1.25,7
VINTAGE BEAD PINK SHADE ,13,16.25,1.25,2
PLAYING CARDS VINTAGE DOILEY ,13,16.25,1.25,2
"LETTER ""V"" BLING KEY RING",26,15.979999999999999,0.8542857142857142,14
3 WICK CHRISTMAS BRIAR CANDLE ,3,15.97,6.11,2
BLUE SHARK HELICOPTER,2,15.9,7.95,2
OCEAN STRIPE HAMMOCK ,2,15.9,7.95,1
GLASS BELL JAR SMALL,4,15.8,3.95,1
OOH LA LA DOGS COLLAR,1,15.79,15.79,1
GOLD FLOWER CUSHION COVER ,8,15.6,1.95,2
BLUE NETTING STORAGE HANGER,8,15.6,1.95,6
"LETTER ""F"" BLING KEY RING",27,15.429999999999998,0.7606666666666667,15
BAKING MOULD TOFFEE CUP  CHOCOLATE,6,15.299999999999999,2.55,1
FLOWER FAIRY 5 SUMMER DRAW LINERS,6,15.299999999999999,2.55,1
"ACRYLIC JEWEL SNOWFLAKE,PINK",6,15.299999999999999,2.55,1
LIGHT TOPAZ TEAL/AQUA COL NECKLACE,3,15.16,5.053333333333334,3
PINK SWEETIE NECKLACE,2,15.120000000000001,7.5600000000000005,2
LILAC VOTIVE CANDLE,72,15.120000000000001,0.21,3
PINK CHRISTMAS FLOCK DROPLET ,10,15.02,2.09,3
PAINTED HEART WREATH WITH BELL,12,15.0,1.25,1
PINK/WHITE GLASS DEMI CHOKER,2,15.0,7.5,1
3 PINK HEN+CHICKS IN BASKET,12,15.0,1.25,6
RUBY GLASS CLUSTER NECKLACE,2,15.0,7.5,1
ENAMEL MUG PANTRY,12,15.0,1.25,1
PINK FLOCK SUEDE CUSHION COVER ,12,15.0,1.25,2
PINK FLOCK PHOTO FRAME ,12,15.0,1.25,1
SET OF 6 EASTER RAINBOW CHICKS,12,15.0,1.25,1
ROSE FLOWER CANDLE+INCENSE 16X16CM,4,15.0,3.75,2
SILVER 2 STRAND NECKLACE-LEAF CHARM,2,15.0,7.5,2
BAROQUE BUTTERFLY EARRINGS CRYSTAL,4,14.96,3.74,4
SET 10 CARDS DAVID'S MADONNA 17074,6,14.940000000000001,2.49,4
FOLDING MIRROR IVORY ,18,14.939999999999998,0.83,2
FOLDING MIRROR RED  ,18,14.939999999999998,0.83,2
WHITE WITH METAL BAG CHARM,3,14.850000000000001,4.95,1
CURIOUS IMAGES SCRAP BOOK SET,3,14.850000000000001,4.95,1
GREEN WITH METAL BAG CHARM,3,14.850000000000001,4.95,1
CROCHET ROSE DES CLOTHES HANGER,5,14.750000000000002,2.95,1
SET 10 CARDS XMAS CHOIR 17068,5,14.55,2.91,5
AMETHYST 3 BEAD DROP EARRINGS,5,14.5,2.9,5
PASTEL BLUE PHOTO ALBUM ,29,14.5,0.5,2
GLASS BEAD HOOP EARRINGS GREEN,5,14.5,2.9,5
YELLOW/PINK FLOWER DESIGN BIG MUG,33,14.43,0.494,14
CAROUSEL PONIES BABY BIB,33,14.37,0.5853846153846154,12
CRACKED GLAZE NECKLACE BROWN,2,14.14,7.07,2
ANTIQUE SILVER BOOK MARK WITH BEADS,17,14.11,0.83,3
BLUE CHECK BAG W HANDLE 34X20CM,17,14.11,0.8299999999999998,5
PINK CRYSTAL SKULL PHONE CHARM,20,13.94,1.3166666666666667,9
"WALL ART , THE MAGIC FOREST ",2,13.9,6.95,1
LIGHT PINK FLOCK GLASS CANDLEHOLDER,36,13.680000000000003,0.38000000000000006,3
GREEN/BLUE FLOWER DESIGN BIG MUG,23,13.65,0.78,8
ENVELOPE 50 ROMANTIC IMAGES,16,13.58,0.8477777777777777,8
BLACK VINT ART DEC CRYSTAL BRACELET,2,13.5,6.75,2
"LETTER ""T"" BLING KEY RING",24,13.459999999999999,0.7827272727272727,11
BLUE HANGING GINGHAM EASTER HEN,32,13.44,0.42000000000000004,5
PINK HANGING GINGHAM EASTER HEN,32,13.44,0.42000000000000004,5
SILVER AND BLACK ORBIT NECKLACE,2,13.350000000000001,6.675000000000001,2
SET 10 CARDS MAGICAL TREE 17086,4,13.32,3.33,4
SET 10 CARDS HATS & STOCKINGS 17081,8,13.28,1.66,7
CHRISTMAS TABLE CANDLE SILVER SPIKE,16,13.28,0.83,1
72 CAKE CASES VINTAGE CHRISTMAS,24,13.200000000000001,0.55,1
GREEN/BLUE CERAMIC CANDLE HOLDER,8,13.2,1.65,1
WISE MAN STAR SHAPE EGG PAN,24,13.14,1.02,6
"PET MUG, GOLDFISH",36,13.1,0.6383333333333333,12
THE KING GIFT BAG,20,13.0,0.65,8
WINE BOTTLE DRESSING DARK BLUE,52,12.969999999999999,0.43,12
PINK TALL PORCELAIN T-LIGHT HOLDER ,5,12.75,2.55,4
CAMOUFLAGE DOG COLLAR,1,12.72,12.72,1
POTTING SHED SOW 'N' GROW SET,2,12.72,6.36,2
FRESHWATER PEARL BRACELET IVORY,5,12.7,2.54,5
CRACKED GLAZE EARRINGS BROWN,5,12.53,2.506,5
TINY CRYSTAL BRACELET BLUE,5,12.52,2.504,5
BLUE TEATIME PRINT BOWL ,10,12.5,1.25,2
MARIE ANTOIENETT TRINKET BOX GOLD,1,12.5,12.5,1
FILIGREE DIAMANTE CHAIN,1,12.48,12.48,1
SET 10 CARDS CHRISTMAS HOLLY  17259,3,12.48,4.16,3
SET 10 CARD SNOWMAN 16965,5,12.450000000000001,2.49,4
FLAG OF ST GEORGE CAR FLAG,27,12.16,0.625,2
PURPLE CHUNKY GLASS+BEAD NECKLACE,1,11.95,11.95,1
LASER CUT MULTI STRAND NECKLACE,1,11.95,11.95,1
BLUE GINGHAM ROSE CUSHION COVER,2,11.9,5.95,1
PINK BAROQUE FLOCK CANDLE HOLDER,2,11.9,5.95,1
BLUE WHITE PLASTIC RINGS LAMPSHADE,14,11.899999999999999,0.85,5
"LETTER ""Z"" BLING KEY RING",22,11.84,0.7819999999999999,10
BLUE BREAKFAST CUP AND SAUCER ,4,11.8,2.9500000000000006,3
"ACRYLIC JEWEL ICICLE, BLUE",31,11.780000000000001,0.38000000000000006,3
THE KING GIFT BAG 25x24x12cm,28,11.76,0.42,8
POP ART PUSH DOWN RUBBER ,98,11.759999999999998,0.12,2
SET 10 CARDS RUDOLPHS NOSE 17097,4,11.64,2.91,3
SET 10 CARDS 12 DAYS OF XMAS 17059,4,11.64,2.91,1
SMALL SINGLE FLAME CANDLE HOLDER,33,11.549999999999999,0.3499999999999999,6
SET/4 GARDEN ROSE DINNER CANDLE,7,11.549999999999999,1.6499999999999997,3
BLUE/GREEN SHELL NECKLACE W PENDANT,2,11.46,5.73,2
ASS COL SMALL SAND GECKO P'WEIGHT,27,11.34,0.42,9
"FOOD COVER WITH BEADS , SET 2 SIZES",3,11.25,3.75,1
BAROQUE BUTTERFLY EARRINGS PINK,3,11.19,3.73,3
YELLOW PINK FLOWER DESIGN BIG BOWL,28,10.92,0.38999999999999996,3
"S/4 ICON COASTER,ELVIS LIVES",25,10.61,0.4855555555555556,9
WRAP BLUE RUSSIAN FOLKART,25,10.5,0.42,1
WRAP  PINK FLOCK,25,10.5,0.42,1
FOLKART CHRISTMAS TREE T-LIGHT HOLD,27,10.260000000000002,0.38,2
BLUE ORGANDY ROUND LAMPSHADE W BEA,12,10.2,0.85,4
PINK BOUDOIR T-LIGHT HOLDER,12,10.2,0.85,1
FOLKART ZINC STAR CHRISTMAS DEC,12,10.2,0.85,3
LILAC GAUZE BUTTERFLY LAMPSHADE,24,10.08,0.42,6
ZINC STAR T-LIGHT HOLDER ,8,10.0,1.25,1
CRACKED GLAZE EARRINGS IVORY,4,9.99,2.4975,4
SET 10 CARDS FILIGREE BAUBLE 16961,4,9.96,2.49,4
SET 10 CARD PERFECT NATIVITY 17089,4,9.96,2.49,4
SET 10 CARDS POINSETTIA 17093,4,9.96,2.49,2
SET 10 CARDS PRINTED GRAPHIC 17219,4,9.96,2.49,4
SET/4 2 TONE EGG SHAPE MIXING BOWLS,1,9.95,9.95,1
S/2 BEACH HUT TREASURE CHESTS,3,9.95,3.975,2
BOXED GLASS ASHTRAY,4,9.94,2.485,4
PURPLE/BLUE CERAMIC CANDLE HOLDER,4,9.879999999999999,2.4699999999999998,2
LILAC FEATHERS CURTAIN,12,9.48,0.79,1
HAND PAINTED HANGING EASTER EGG,22,9.24,0.42,3
ENAMEL BLUE RIM TEA CONTAINER,8,9.18,1.6766666666666667,3
BLACK GLASS/SHELL/PEARL NECKLACE,1,9.15,9.15,1
ORANGE FLOWER MUG ,10,9.06,0.8200000000000001,2
VINTAGE NOTEBOOK BEAUTY GIRL,3,8.850000000000001,2.95,2
RED ROSE AND LACE C/COVER,3,8.850000000000001,2.95,1
FOLDING SHOE TIDY,3,8.850000000000001,2.95,2
BLACK DIAMOND CLUSTER EARRINGS,3,8.82,2.94,3
AMBER CRYSTAL DROP EARRINGS,3,8.76,2.92,3
PURPLE CRYSTAL DROP EARRINGS,3,8.76,2.92,3
GLASS BEAD HOOP EARRINGS MONTANA,3,8.76,2.92,3
RED PURSE WITH PINK HEART,7,8.75,1.25,2
RED STONE/CRYSTAL EARRINGS,3,8.7,2.9,3
CUTE BIRD CEATURE SCREEN,22,8.58,0.39,2
WHITE FRANGIPANI HAIR CLIP,10,8.5,0.85,1
BEADED LOVE HEART JEWELLERY SET,10,8.5,0.85,1
M/COLOUR POM-POM CURTAIN,2,8.5,4.25,1
COUNTRY COTTAGE  DOORSTOP GREEN,1,8.47,8.47,1
OCEAN SCENT CANDLE JEWELLED DRAWER,1,8.47,8.47,1
HEART SHAPED MIRROR,5,8.45,1.69,2
OPULENT VELVET SET/3 CANDLES,2,8.42,4.21,1
Dr. Jam's Arouzer Stress Ball,2,8.34,4.17,2
SET 10 MINICARDS CUTE SNOWMAN 17071,5,8.299999999999999,1.66,2
PSYCHEDELIC METAL SIGN CALENDAR,10,7.9,0.79,3
MAXWELL 2 TONE BLUE 60 PAGE PHOTO A,7,7.85,1.225,2
PINK FLUFFY CHRISTMAS DECORATION,26,7.82,0.9099999999999999,2
HANGING BUTTERFLY  EGG,9,7.6499999999999995,0.85,3
FRESHWATER PEARL BRACELET GOLD,3,7.6499999999999995,2.55,2
SILICON STAR BULB  BLUE,18,7.56,0.42,8
BLACK PHOTO ALBUM ,15,7.5,0.5,3
"RUBY GLASS NECKLACE 42""",1,7.5,7.5,1
BAROQUE BUTTERFLY EARRINGS BLACK,2,7.5,3.75,2
PINK CHERRY BLOSSOM CUP & SAUCER,6,7.5,1.25,1
EIGHT PIECE CREEPY CRAWLIE SET,6,7.5,1.25,3
SET 10 CARDS WORLD CHILDREN 17067,3,7.470000000000001,2.49,3
BLUE STRIPES SHOULDER BAG,9,7.469999999999999,0.83,3
PINK LEAVES AND BEADS PHONE CHARM,3,7.43,2.485,2
A4 WALL TIDY RED FLOWERS,13,7.37,0.56,4
JARDIN ETCHED GLASS BUTTER DISH,1,7.25,7.25,1
ARMY CAMO BOOKCOVER TAPE,17,7.14,0.42,4
"LETTER ""O"" BLING KEY RING",16,6.819999999999999,0.726,5
"LETTER ""W"" BLING KEY RING",16,6.819999999999999,0.726,5
RASTA IN BATH W SPLIFF ASHTRAY,8,6.8,0.85,6
PURPLE ANEMONE ARTIFICIAL FLOWER,4,6.76,1.69,1
WHITE DOVE HONEYCOMB PAPER GARLAND,2,6.72,3.36,1
4 GOLD FLOCK CHRISTMAS BALLS,2,6.72,3.36,1
ELEPHANT CLIP W SUCTION CUP,16,6.72,0.42,4
SPOTS ON RED BOOKCOVER TAPE,16,6.72,0.42000000000000004,5
SET 10 MINI SANTA & SNOWMAN  17087,4,6.64,1.66,2
BLUE/YELLOW CERAMIC CANDLE HOLDER,4,6.6,1.65,1
LARGE BLACK DIAMANTE HAIRSLIDE,4,6.6,1.65,1
AMBER BERTIE MOBILE PHONE CHARM,2,6.58,3.29,1
ASSORTED COLOUR SILK GLASSES CASE,3,6.300000000000001,2.1,1
PINK GAUZE BUTTERFLY LAMPSHADE,15,6.3,0.42,4
"POCKET MIRROR ""GLAMOROUS""",5,6.25,1.25,2
BLING KEY RING STAND,6,6.25,1.0833333333333333,3
TURQUOISE CHRISTMAS TREE ,5,6.25,1.25,4
SET 10 CARDS CHRISTMAS ROBIN 17095,3,6.24,2.08,3
BLUE/NAT SHELL NECKLACE W PENDANT,1,5.95,5.95,1
FIRE POLISHED GLASS NECKL GOLD,1,5.95,5.95,1
BLACK FLOWER CANDLE PLATE,7,5.949999999999999,0.85,2
ST GEORGE SET OF 10 PARTY LIGHTS,2,5.9,2.95,2
WHITE CHRISTMAS TREE 60CM,2,5.9,2.95,2
GOLD M.O.P. ORBIT NECKLACE,2,5.9,2.95,2
HEN HOUSE WITH CHICK STANDING,14,5.88,0.42,3
SET 10 CARDS SWIRLY XMAS TREE 17104,2,5.82,2.91,1
SET 10 CARD CHRISTMAS STAMPS 16963,2,5.82,2.91,1
SET 10 CARDS ROBIN WATERPUMP  17096,2,5.82,2.91,2
GREEN CRYSTAL DROP EARRINGS,2,5.8,2.9,2
BROWN VINTAGE VICTORIAN EARRINGS,2,5.8,2.9,2
SET 10 CARDS HANGING BAUBLES 17080,2,5.48,2.74,2
MUMMY MOUSE RED GINGHAM RIBBON,1,5.45,5.45,1
SET OF 3 PINK FLYING DUCKS,1,5.45,5.45,1
ROUND ARTICULATED PINK CLOCK W/SUCK,28,5.32,0.19000000000000003,3
POLYESTER FILLER PAD 60x40cm,2,5.1,2.55,1
NEW ENGLAND MUG W GIFT BOX,2,5.1,2.55,2
GREEN PENDANT SHELL NECKLACE,1,5.09,5.09,1
PINK ALLIUM  ARTIFICIAL FLOWER,3,5.07,1.69,1
ROBIN CHRISTMAS CARD,10,5.02,0.625,4
ORANGE/FUSCHIA STONES NECKLACE,1,4.98,4.98,1
SET 10 CARDS DECK THE HALLS 16960,2,4.98,2.49,2
PURPLE LEAVES AND BEADS PHONE CHAR,2,4.97,2.485,2
GREEN LEAVES AND BEADS PHONE CHARM,2,4.97,2.485,2
BLOSSOM IMAGES SCRAP BOOK SET,1,4.95,4.95,1
LILY BROOCH WHITE/SILVER COLOUR,1,4.95,4.95,1
VINTAGE BEAD PINK JEWEL STAND,1,4.95,4.95,1
PINK BEADS+HAND PHONE CHARM,2,4.92,2.46,1
LARGE HEART FLOWERS HOOK   ,2,4.92,2.46,1
BLUE NEW BAROQUE FLOCK CANDLESTICK,1,4.65,4.65,1
"SILICON CUBE 25W, BLUE",11,4.62,0.42,2
METAL BASE FOR CANDLES,11,4.62,0.42,2
PINK ACRYLIC JEWEL SNOWFLAKE,12,4.5600000000000005,0.38,1
3 BLACK CATS W HEARTS BLANK CARD,24,4.5600000000000005,0.19000000000000003,3
FLOWER PURPLE CLOCK WITH SUCKER,15,4.35,0.29,3
CUTE RABBIT CEATURE SCREEN ,11,4.29,0.39,2
FRYING PAN RED POLKADOT ,1,4.25,4.25,1
UBO-LIGHT TRIOBASE PURPLE,5,4.25,0.85,3
FLOWER PURPLE CLOCK W/SUCKER,5,4.25,0.85,3
BLUE PADDED SOFT MOBILE,1,4.25,4.25,1
CAKE STAND LACE WHITE,1,4.25,4.25,1
GOLD COSMETIC BAG PINK STAR,2,4.2,2.1,2
LIGHT DECORATION BATTERY OPERATED,2,4.2,2.1,1
"MUG , DOTCOMGIFTSHOP.COM ",5,4.17,0.834,5
 I LOVE LONDON MINI RUCKSACK,1,4.15,4.15,1
ASSTD RASTA KEY-CHAINS,9,3.7800000000000002,0.42,3
BLUE CRUSOE CHECK LAMPSHADE,9,3.78,0.42,3
BLUE LEAVES AND BEADS PHONE CHARM,2,3.76,1.88,2
ROBOT MUG IN DISPLAY BOX,3,3.75,1.25,2
BAROQUE BUTTERFLY EARRINGS RED,1,3.73,3.73,1
BAROQUE BUTTERFLY EARRINGS MONTANA,1,3.73,3.73,1
GOLD PRINT PAPER BAG,19,3.6100000000000003,0.19,2
FOLDING CAMPING SCISSOR W/KNIF & S,30,3.5999999999999996,0.12,3
ASSTD DESIGN BUBBLE GUM RING,17,3.5700000000000003,0.21,4
PASTEL PINK PHOTO ALBUM ,7,3.5,0.5,2
"LETTER ""U"" BLING KEY RING",12,3.4799999999999995,0.29,1
UBO-LIGHT TRIOBASE BLUE,4,3.4,0.85,2
WHITE ANEMONE ARTIFICIAL FLOWER,2,3.38,1.69,1
WATERING CAN SINGLE HOOK PISTACHIO,1,3.36,3.36,1
KEEP OUT GIRLS DOOR HANGER ,1,3.36,3.36,1
PINK BERTIE MOBILE PHONE CHARM,1,3.36,3.36,1
GARDENERS KNEELING PAD,1,3.36,3.36,1
SET 10 CARDS CHRISTMAS BAUBLE 16954,1,3.33,3.33,1
BLUE DROP EARRINGS W BEAD CLUSTER,1,3.32,3.32,1
HEARTS WRAPPING TAPE ,5,3.25,0.65,3
WINE BOTTLE DRESSING LT.BLUE,14,3.0399999999999996,0.205,4
SET 10 CARDS TRIANGLE ICONS  17220,1,2.91,2.91,1
SET 10 CARDS 3 WISE MEN 17107,1,2.91,2.91,1
SET 10 CARDS SNOWY ROBIN 17099,1,2.91,2.91,1
NECKLACE+BRACELET SET PINK DAISY,1,2.55,2.55,1
INCENSE BAZAAR PEACH,6,2.52,0.42,1
PINK FEATHER CHRISTMAS DECORATION,1,2.51,2.51,1
PURPLE/TURQ FLOWERS HANDBAG,2,2.5,1.25,1
TINY CRYSTAL BRACELET RED,1,2.48,2.48,1
HAPPY BIRTHDAY CARD STRIPEY TEDDY,13,2.47,0.19,2
BIG POLKADOT MUG,6,2.34,0.39,1
GREEN POP ART MAO CUSHION COVER ,12,2.2800000000000002,0.19,2
DOLPHIN WINDMILL,1,2.12,2.12,1
SCALLOP SHELL SOAP DISH,1,2.1,2.1,1
PINK DOLLY HAIR CLIPS,2,2.1,1.05,1
SET/6 IVORY BIRD T-LIGHT CANDLES,1,2.1,2.1,1
GOLD COSMETICS BAG WITH BUTTERFLY,1,2.1,2.1,1
TEA TIME BREAKFAST BASKET,1,2.1,2.1,1
3 BIRDS CANVAS SCREEN,2,2.04,1.02,2
EASTER CRAFT IVY WREATH WITH CHICK,1,1.95,1.95,1
SET OF THREE VINTAGE GIFT WRAPS,1,1.95,1.95,1
PINK POLKADOT KIDS BAG,1,1.95,1.95,1
BLUE CRYSTAL BOOT PHONE CHARM,1,1.66,1.66,1
FLOWER SHOP DESIGN MUG,1,1.65,1.65,1
CROCHET LILAC/RED BEAR KEYRING,1,1.65,1.65,1
CHAMPAGNE TRAY BLANK CARD,8,1.52,0.19,2
ORANGE FELT VASE + FLOWERS,1,1.25,1.25,1
ETCHED GLASS STAR TREE DECORATION,1,1.25,1.25,1
DUSTY PINK CHRISTMAS TREE 30CM,1,1.25,1.25,1
FUNKY MONKEY MUG,1,1.25,1.25,1
BLACKCHRISTMAS TREE 30CM,1,1.25,1.25,1
SET 36 COLOURING PENCILS DOILEY,1,1.25,1.25,1
WIRE FLOWER T-LIGHT HOLDER,1,1.25,1.25,1
PACK 4 FLOWER/BUTTERFLY PATCHES,1,1.25,1.25,1
60 GOLD AND SILVER FAIRY CAKE CASES,2,1.1,0.55,2
HAPPY BIRTHDAY CARD TEDDY/CAKE,5,0.95,0.19,1
CAT WITH SUNGLASSES BLANK CARD,5,0.95,0.19,1
PINK CRYSTAL GUITAR PHONE CHARM,1,0.85,0.85,1
VINTAGE BLUE TINSEL REEL,2,0.84,0.42,1
SET 12 COLOURING PENCILS DOILEY,1,0.65,0.65,1
HEN HOUSE W CHICK IN NEST,1,0.42,0.42,1
PADS TO MATCH ALL CUSHIONS,3,0.003,0.001,3
